1,Karlan,Snibson,ksnibson0@imgur.com,,240.47.251.161
,,Cartin,,Female,189.203.87.77
3,Katya,Hilbourne,khilbourne2@stanford.edu,Female,36.118.246.161
4,Jud,Po,,Male,
5,Cheri,,cgetcliff4@digg.com,,
6,Vickie,Jope,,Female,
7,Stacee,Kindread,skindread6@canalblog.com,,59.155.141.169
8,Eldin,Walework,ewalework7@uol.com.br,Male,226.100.120.233
9,Gaile,Kures,gkures8@geocities.com,Male,
10,Kristel,Spillard,,Female,177.178.213.95
11,Barris,Titterell,btitterella@toplist.cz,Male,168.96.85.180
12,,,,Female,194.98.108.255
13,,Caraher,lcaraherc@mozilla.org,Male,176.222.6.43
14,,,ssidebottond@sohu.com,Female,
15,Marlee,Nutt,mnutte@zimbio.com,,99.137.83.184
16,Ginelle,Dunning,gdunningf@apple.com,Female,236.69.21.99
17,Jackelyn,Fitzackerley,jfitzackerleyg@bloomberg.com,Female,128.131.144.221
18,Yorgos,,ycreykeh@cafepress.com,,
19,Maisie,Ricardet,mricardeti@reuters.com,Female,206.39.71.246
20,Isidro,Petroff,,,3.71.5.7
21,,Greenly,sgreenlyk@freewebs.com,Female,146.73.152.151
22,,Edgeler,nedgelerl@illinois.edu,Male,191.24.135.163
23,Merry,Marty,mmartym@scribd.com,Female,143.20.165.100
24,Ethelyn,Flaxman,eflaxmann@weebly.com,Female,
25,Laina,Cavanaugh,lcavanaugho@blogger.com,Female,227.238.29.28
26,,Whayman,pwhaymanp@archive.org,Female,71.135.255.184
27,Rhodie,Innocenti,rinnocentiq@forbes.com,Female,54.206.63.127
,Guntar,Saxton,gsaxtonr@twitpic.com,,9.215.166.136
29,Windy,Siddon,wsiddons@washingtonpost.com,,33.7.196.194
30,Shepperd,Tosney,stosneyt@issuu.com,Male,
,Kaiser,Snedker,,Male,15.158.240.196
32,Niven,Maryman,nmarymanv@indiegogo.com,,110.168.86.185
33,Dagny,Clancey,dclanceyw@booking.com,Male,193.32.12.166
34,Hallsy,Dukesbury,hdukesburyx@nbcnews.com,Male,65.41.39.147
35,Tammy,Megson,tmegsony@virginia.edu,,79.38.107.18
36,Cindi,,clightonz@typepad.com,Female,180.152.62.212
37,Carlene,,cflindall10@google.com,Female,
38,Caren,,,Female,
39,Bobbye,Kinset,bkinset12@wikimedia.org,Female,
40,Linzy,,lmanass13@samsung.com,Female,138.173.159.179
41,Klaus,Brissard,kbrissard14@imgur.com,,44.213.140.134
42,Amby,Kingaby,akingaby15@usda.gov,Male,14.22.242.103
43,Vachel,Friar,vfriar16@nature.com,Male,4.173.149.4
44,Deane,MacGoun,,Female,60.148.55.181
45,Aube,Mistry,amistry18@eepurl.com,Male,
46,Karisa,Waber,kwaber19@wufoo.com,Female,
47,Truman,Figgess,tfiggess1a@xing.com,Male,227.218.14.147
48,Lock,Gherardini,lgherardini1b@economist.com,Male,130.153.64.203
49,Susanna,Giovannetti,sgiovannetti1c@bloomberg.com,,
50,Todd,Bolte,,Male,
51,Dorothy,Bremen,dbremen1e@twitpic.com,,194.150.35.6
52,Leonanie,Cutford,lcutford1f@usnews.com,,235.196.45.76
,Sabina,Chalder,schalder1g@wikipedia.org,Female,123.9.172.69
54,Jakob,Melross,jmelross1h@webmd.com,Male,96.79.74.150
55,Gilemette,Allerton,,,
56,Sacha,Fendt,sfendt1j@51.la,Female,57.30.197.138
57,Wayland,Edworthy,wedworthy1k@infoseek.co.jp,Male,
58,Montgomery,Chrichton,mchrichton1l@themeforest.net,Male,
59,Clo,Jordi,cjordi1m@nih.gov,Female,116.234.124.146
60,Doreen,Chasmer,dchasmer1n@sakura.ne.jp,Female,152.14.136.31
61,,Ludl,dludl1o@fda.gov,Female,
62,Mona,Swadden,mswadden1p@ucla.edu,Female,
63,Kleon,Syratt,ksyratt1q@cmu.edu,Male,98.9.121.14
64,Filmore,Saffer,fsaffer1r@miitbeian.gov.cn,,67.220.32.25
65,Taite,Gemlbett,tgemlbett1s@forbes.com,Male,52.148.124.168
66,Glenn,Twelve,gtwelve1t@accuweather.com,,116.227.240.93
67,Aurlie,Bugdell,abugdell1u@google.com.br,Female,
68,Janessa,McMorland,jmcmorland1v@ameblo.jp,Female,167.103.192.98
69,Eirena,,epenney1w@biglobe.ne.jp,,227.201.53.105
70,,Doig,,Male,167.154.66.78
71,Quent,,qironside1y@buzzfeed.com,Male,
72,Dulce,,dmcgarvie1z@blogspot.com,,
73,Dillon,Snaddin,dsnaddin20@mozilla.com,,101.185.29.60
74,Cordy,Gloves,cgloves21@over-blog.com,Male,117.26.208.98
75,North,Caston,ncaston22@studiopress.com,Male,10.202.8.129
76,Ardith,,abister23@youtube.com,Female,0.65.57.115
77,,Paddon,,Male,
78,Raf,Nears,rnears25@imageshack.us,Female,240.229.66.69
79,Elijah,Gomersall,egomersall26@wikimedia.org,Male,164.195.83.53
80,Nissy,Goligher,ngoligher27@cdc.gov,Female,236.30.244.22
81,Noelle,Bance,nbance28@cnn.com,Female,97.0.201.61
82,Harlie,Bartholomaus,hbartholomaus29@patch.com,,
83,Harman,Lovett,hlovett2a@cam.ac.uk,Male,54.85.159.18
84,Linette,Gronou,,,178.19.90.13
,,,acopp2c@nba.com,Male,
86,Aube,Katt,akatt2d@t-online.de,Male,
87,Vasili,Condy,vcondy2e@utexas.edu,Male,139.181.224.19
88,Harper,Mews,,Male,25.230.59.167
89,Margaux,Rowell,mrowell2g@drupal.org,Female,130.125.111.248
90,Morena,Holberry,mholberry2h@mail.ru,Female,
91,David,Bolletti,,Male,169.90.244.219
92,Ladonna,,lwilmot2j@umn.edu,Female,44.18.41.160
93,,,rdenecamp2k@wikimedia.org,Female,
94,Drew,Wroe,dwroe2l@google.com.br,Male,238.212.59.180
95,Jillana,Ovitz,,Female,174.119.138.26
96,,,,Male,
97,Bradan,,bcressingham2o@unesco.org,Male,
98,Andie,Pittock,apittock2p@sciencedirect.com,Female,
99,Minne,Warricker,mwarricker2q@theatlantic.com,Female,195.47.189.245
100,Dani,,,Female,164.210.20.69
101,Binnie,,,Female,67.51.238.246
102,Cherye,Pairpoint,,,96.173.45.98
103,Grayce,Chieco,,,192.70.1.225
104,Ozzie,Zwicker,,,
105,Boothe,Benda,bbenda2w@ucla.edu,Male,100.72.96.61
106,Emeline,Stampfer,estampfer2x@mac.com,Female,
107,Mikol,,mhekkert2y@networkadvertising.org,Male,218.102.209.155
108,Peder,Cocci,pcocci2z@virginia.edu,Male,2.242.195.47
109,Zach,Tomney,ztomney30@bravesites.com,,160.28.177.23
110,,Lamberto,hlamberto31@hhs.gov,Female,161.17.180.122
111,Amie,Wyrall,awyrall32@house.gov,,116.97.69.62
112,Danita,Wilfling,dwilfling33@example.com,Female,202.131.92.192
113,Bernadine,Connolly,bconnolly34@mozilla.com,Female,64.59.110.24
114,Randal,,rpouton35@epa.gov,Male,3.241.190.161
115,Forster,Beckhouse,,Male,35.104.209.14
116,Coralie,Clynmans,,Female,210.121.203.112
117,Banky,Woollaston,bwoollaston38@va.gov,Male,240.241.33.179
118,,Rhys,drhys39@mapquest.com,Male,150.238.7.175
119,Marisa,Durbann,mdurbann3a@g.co,Female,53.66.10.174
120,Barrie,Seery,bseery3b@hibu.com,Female,129.97.47.136
121,Karlene,Furby,kfurby3c@blog.com,,
122,Zondra,Montez,zmontez3d@over-blog.com,Female,
123,,,bblaycock3e@army.mil,,
124,Cirstoforo,Aleveque,caleveque3f@goo.gl,Male,56.28.185.201
125,,Roll,troll3g@typepad.com,Female,123.118.75.181
126,Farleigh,Aronowicz,,Male,137.218.239.73
127,Etti,Artin,eartin3i@dedecms.com,Female,
128,Nyssa,Banyard,nbanyard3j@mtv.com,Female,
129,Wren,Shutte,wshutte3k@marketwatch.com,,205.230.68.146
130,Mayer,Macbeth,,,89.81.191.75
131,Gabriel,Quigley,gquigley3m@ca.gov,Female,211.230.33.179
132,Corabel,Klimke,cklimke3n@jalbum.net,Female,16.179.48.197
133,,Deeks,ldeeks3o@springer.com,Female,
134,Orson,Tulloch,otulloch3p@amazon.com,,
135,Karita,Myrkus,kmyrkus3q@google.ru,Female,137.169.235.169
,Stesha,Dalton,sdalton3r@barnesandnoble.com,Female,249.154.81.95
137,Cornelius,Deme,cdeme3s@cafepress.com,Male,97.199.220.162
138,Fredek,Vaughten,fvaughten3t@about.me,Male,
139,,Gawen,ygawen3u@slashdot.org,Male,
140,Saul,Freckingham,sfreckingham3v@nymag.com,Male,
141,,Simonutti,gsimonutti3w@networksolutions.com,Male,193.89.75.251
142,Farah,,fpawelec3x@dot.gov,Female,84.143.74.103
143,Farrand,Scrowson,fscrowson3y@parallels.com,Female,
144,Joana,Skae,jskae3z@howstuffworks.com,Female,111.13.251.91
145,Jessica,Harlow,,Female,
146,Valene,Percival,vpercival41@epa.gov,Female,239.184.140.89
147,Jonis,Furmedge,jfurmedge42@i2i.jp,,148.38.178.40
148,Dex,,ddevoiels43@mit.edu,Male,
149,Camella,Gallahue,,Female,0.113.111.139
150,Roi,Cabotto,rcabotto45@wiley.com,Male,173.155.142.76
151,Bobbee,Hablet,,Female,151.227.5.245
152,Lira,Shorey,lshorey47@xinhuanet.com,,
153,Page,Milazzo,pmilazzo48@nytimes.com,Male,252.135.207.4
154,Linc,Tuddenham,ltuddenham49@eepurl.com,Male,99.101.4.192
155,Eliza,,econdell4a@hostgator.com,Female,
156,Di,Livingston,dlivingston4b@ebay.com,,128.109.248.37
157,,Cases,mcases4c@blog.com,,203.149.182.105
158,Ignatius,,iaggis4d@patch.com,Male,8.162.7.252
159,Camey,Dust,,Male,
160,Waneta,Etty,wetty4f@example.com,Female,228.77.70.8
161,Tabby,Jolley,tjolley4g@jugem.jp,Male,185.95.249.210
162,Sherman,Whyborn,swhyborn4h@go.com,,126.232.76.7
163,Fredra,Killigrew,fkilligrew4i@mysql.com,Female,145.16.235.43
164,,,nsnow4j@howstuffworks.com,Male,
165,Rici,Jaspar,rjaspar4k@google.ca,Female,91.192.48.83
166,Aristotle,Trytsman,atrytsman4l@last.fm,Male,39.135.113.105
167,,Idiens,nidiens4m@ucoz.ru,,
168,Angelique,Neicho,,Female,
169,Olenolin,Fearon,ofearon4o@godaddy.com,Male,
170,,Vassel,,Male,23.243.73.241
171,Dorie,Meriguet,dmeriguet4q@github.com,Male,
172,Wainwright,,wgeldert4r@yandex.ru,,31.133.200.224
173,Novelia,Quartermain,,,91.23.44.4
174,Morgan,Picard,mpicard4t@sogou.com,Female,85.159.178.228
175,Janka,Merrin,,Female,69.238.10.112
,Van,Kidby,vkidby4v@nba.com,,
177,Hesther,Caillou,hcaillou4w@marketwatch.com,Female,
178,,Von Helmholtz,jvonhelmholtz4x@taobao.com,,31.206.156.131
179,Fayre,Toffetto,,Female,108.160.128.169
180,,Sweeny,zsweeny4z@earthlink.net,Female,196.39.166.223
181,Agosto,Girsch,agirsch50@constantcontact.com,Male,61.154.246.208
182,Cullin,Purdey,cpurdey51@eepurl.com,,
183,Noami,Davson,ndavson52@theguardian.com,Female,249.205.255.240
184,Antonina,Hogben,,Female,99.45.190.55
185,Patten,Sambiedge,psambiedge54@cafepress.com,Male,68.178.189.3
186,Candace,Brampton,cbrampton55@canalblog.com,Female,150.96.146.156
187,Melva,,,Female,194.35.174.57
188,,,scordier57@spotify.com,Male,
189,Row,Noquet,,Female,81.211.74.26
190,Mel,Scarsbrooke,,Male,175.14.197.134
,Alyssa,Delia,adelia5a@blogspot.com,Female,19.232.200.116
192,Camellia,Driutti,cdriutti5b@wsj.com,,
193,Irvin,Peatheyjohns,ipeatheyjohns5c@whitehouse.gov,,180.179.47.219
194,Raviv,Philimore,rphilimore5d@ask.com,Male,38.107.245.39
195,Marylin,Chellingworth,mchellingworth5e@unesco.org,,19.173.163.209
196,Willette,Sellars,wsellars5f@newyorker.com,Female,241.68.164.3
197,Karisa,Ransom,,Female,121.138.232.224
198,Dirk,Woodger,,Male,54.145.3.190
199,Yves,Vuitte,yvuitte5i@hud.gov,,192.3.134.188
200,Dynah,Dilke,ddilke5j@redcross.org,Female,
,Ajay,Cersey,,Female,16.235.24.91
202,Sanford,MacParlan,smacparlan5l@ihg.com,Male,49.172.196.124
203,Nathan,Laborda,nlaborda5m@tinyurl.com,Male,
204,,,dfeake5n@multiply.com,,138.70.199.101
205,Fitz,,,Male,33.201.84.245
206,Theodor,Rooze,,Male,60.161.50.9
207,Cori,Hanford,,,
208,Sandye,Pady,spady5r@umich.edu,Female,
209,Harwell,Gueny,,Male,7.57.87.48
210,Jake,Boatwright,jboatwright5t@eepurl.com,Male,
211,,Serfati,aserfati5u@mozilla.com,Male,
212,Dory,Carillo,,,
213,Dulce,McLeish,,Female,146.122.121.72
214,Alice,Covendon,acovendon5x@stumbleupon.com,,183.228.118.92
215,Denver,,,Male,97.102.125.97
216,Jerry,Pascow,jpascow5z@cafepress.com,Female,147.108.115.90
217,Roda,Mattock,rmattock60@over-blog.com,Female,
218,Zorine,Gergolet,zgergolet61@patch.com,Female,95.150.80.199
219,Lynnelle,Langstaff,llangstaff62@yellowbook.com,Female,60.135.36.66
220,Alecia,Peever,apeever63@alibaba.com,,117.37.100.71
221,Rina,Dorrity,,Female,98.12.202.41
222,Addia,Tibols,atibols65@webmd.com,Female,129.173.105.205
223,Hastie,Donald,hdonald66@chron.com,Male,
224,Modesty,D'Acth,mdacth67@tmall.com,,163.244.220.43
225,Marnia,Shrieve,mshrieve68@friendfeed.com,Female,85.195.206.117
226,Aloysius,Goudie,agoudie69@livejournal.com,Male,107.143.59.139
227,Elysee,Fist,efist6a@hostgator.com,,207.173.228.74
228,Julieta,,jcranston6b@live.com,Female,
229,Vicky,McPhilemy,vmcphilemy6c@earthlink.net,Female,246.11.174.170
230,Francesca,,fsall6d@ow.ly,Female,
231,Land,,lborell6e@google.co.jp,Male,243.109.124.142
232,Ralph,Trewett,rtrewett6f@microsoft.com,Male,
233,Jessee,,,Male,
234,Germain,Yare,,Female,212.18.151.57
235,Hymie,Reyburn,hreyburn6i@amazon.com,Male,211.101.122.237
236,Reinold,Zoanetti,rzoanetti6j@adobe.com,Male,5.143.34.99
237,Shelly,Willimot,swillimot6k@cisco.com,Female,
238,Cherida,Smaling,csmaling6l@microsoft.com,Female,
239,Trstram,Pahl,,Male,192.159.3.211
240,Louis,Wittier,,,
241,Kerk,Norgate,,Male,222.93.109.132
242,Dimitri,Carvilla,dcarvilla6p@addthis.com,,244.171.48.44
243,Franny,Sloss,fsloss6q@gov.uk,Female,134.12.168.177
244,,,achamberlain6r@sphinn.com,Male,154.71.195.49
245,Anastassia,Ewells,aewells6s@twitter.com,,109.175.120.213
246,,Grovier,ggrovier6t@barnesandnoble.com,,
247,Salmon,Lott,,Male,
248,Vitoria,,vbatcheldor6v@paginegialle.it,Female,9.73.23.151
249,Lyndsay,Graddon,lgraddon6w@statcounter.com,Female,194.152.28.216
250,Paige,,pmitchenson6x@cbslocal.com,Female,69.1.202.77
251,Pace,Killigrew,pkilligrew6y@reference.com,Male,
252,,Spiaggia,aspiaggia6z@va.gov,Male,
,Raychel,,rgreest70@nih.gov,Female,
254,,Moralee,pmoralee71@goodreads.com,Male,
255,Cherrita,Feather,,Female,
,Hamilton,Crollman,hcrollman73@t-online.de,Male,29.239.75.52
257,Marcie,Kennady,mkennady74@infoseek.co.jp,Female,
258,Clarey,Elsegood,celsegood75@nbcnews.com,Female,
259,Nealson,Blesing,nblesing76@chicagotribune.com,Male,210.27.106.14
260,Katuscha,Edgcumbe,,,53.203.137.128
261,Lona,,,Female,
262,Kirstyn,Rimington,krimington79@alexa.com,,
263,Mohammed,Westoll,mwestoll7a@uiuc.edu,,158.203.250.214
264,Bond,Bice,bbice7b@instagram.com,Male,186.221.98.129
265,Gothart,Markos,gmarkos7c@free.fr,,228.33.42.24
266,Katherina,Waind,,Female,38.168.121.139
267,Derby,Murrish,dmurrish7e@naver.com,Male,
268,Charley,Treven,ctreven7f@alexa.com,Male,188.65.112.218
269,Beau,,,Male,117.176.69.224
270,Allin,Merner,amerner7h@e-recht24.de,,182.103.159.147
271,Nobe,Ridpath,,,
272,Doti,Cattini,dcattini7j@tripadvisor.com,Female,88.103.155.217
273,Ewart,Worsom,,Male,
274,Marthe,Pidgen,mpidgen7l@list-manage.com,Female,118.119.121.241
275,Nat,,nbewsey7m@twitpic.com,Female,99.206.16.14
276,Hillard,Jauncey,hjauncey7n@woothemes.com,Male,149.61.192.136
277,Starlin,Crafter,,,139.243.130.145
,Janie,Shane,jshane7p@vinaora.com,Female,235.101.134.53
279,Ingmar,Ream,,,
280,Cameron,Savery,csavery7r@fc2.com,,
281,Tandi,Batterbee,tbatterbee7s@yale.edu,Female,232.156.41.41
282,,Broadwell,cbroadwell7t@mapy.cz,Female,64.178.96.120
283,Vivyanne,Bachs,vbachs7u@timesonline.co.uk,,229.39.106.138
284,Jo-anne,,,,255.36.18.137
285,Lorry,Petworth,lpetworth7w@cornell.edu,,241.97.6.216
,,Blackledge,,Male,
287,Edeline,Rampton,,Female,
288,Yale,,ybateman7z@ihg.com,,171.131.243.206
289,Arte,Worge,aworge80@adobe.com,Male,157.218.145.134
290,Kelsey,,kwhatham81@squidoo.com,Female,
291,,Mannagh,mmannagh82@dmoz.org,Female,232.168.135.35
292,Birgitta,Brade,bbrade83@hostgator.com,Female,215.179.173.7
293,Kai,Silburn,ksilburn84@illinois.edu,,
294,Briano,Spain-Gower,bspaingower85@npr.org,,
295,Patsy,Garralts,pgarralts86@ameblo.jp,Male,126.27.195.195
296,Gavan,Chazotte,gchazotte87@slideshare.net,,
297,Coraline,Fortye,cfortye88@scribd.com,Female,226.66.41.146
298,Hy,Cristofanini,hcristofanini89@nasa.gov,,214.38.169.22
299,Vassily,,vmawman8a@thetimes.co.uk,,172.147.240.140
300,Ashlan,Cossell,acossell8b@answers.com,Female,217.252.4.131
301,Pattin,,privel8c@wp.com,,46.194.219.92
302,Clim,Pfeffel,cpfeffel8d@bloglovin.com,Male,16.253.179.200
303,Ben,Coulson,,Male,
304,Margeaux,Stroobant,mstroobant8f@mit.edu,,199.186.219.180
305,Delmar,McIlvenny,,Male,68.137.186.182
306,Marja,Harbertson,mharbertson8h@state.tx.us,Female,98.146.34.15
307,Muhammad,Paullin,mpaullin8i@discovery.com,Male,179.134.80.241
308,Merwin,Murtagh,mmurtagh8j@ehow.com,Male,
309,Berti,Shallcroff,bshallcroff8k@symantec.com,,61.197.190.175
310,Pierce,Godspede,pgodspede8l@google.nl,Male,188.151.71.93
311,Wang,,,,172.230.39.202
,Bonnie,Simpkins,bsimpkins8n@mashable.com,Female,128.15.1.108
313,,Eaglestone,geaglestone8o@bigcartel.com,Male,228.246.174.164
314,Melva,McConnel,mmcconnel8p@istockphoto.com,Female,
315,Wilden,Trewartha,wtrewartha8q@ftc.gov,Male,
316,Jesselyn,Grishunin,jgrishunin8r@google.co.jp,Female,160.78.184.134
317,Wilden,Gosnoll,wgosnoll8s@blog.com,Male,104.113.4.9
318,Kermy,Crawford,kcrawford8t@nba.com,Male,
319,Wain,Wegenen,wwegenen8u@army.mil,,16.228.167.2
320,Avivah,Tribbeck,atribbeck8v@wikispaces.com,Female,
321,Tana,Rignoldes,trignoldes8w@netscape.com,Female,112.51.36.30
322,Minna,,msutworth8x@sciencedirect.com,Female,
323,Lindy,Bewicke,,Male,84.170.134.177
324,Whitman,Dabnot,,Male,56.195.209.41
,Mina,Keller,mkeller90@soup.io,Female,241.150.147.116
326,Tanney,,,,231.90.43.118
327,Pascal,Tyre,,Male,167.119.183.126
328,,Binner,kbinner93@weather.com,Female,
329,,,,,204.137.182.157
330,Sherill,Fibbit,sfibbit95@flickr.com,Female,221.214.192.11
331,Heidi,Rundall,hrundall96@exblog.jp,Female,117.65.64.229
332,Wandie,,wvoce97@state.gov,Female,
333,Carlin,Kime,ckime98@odnoklassniki.ru,Male,
334,Daphne,,dyallop99@shareasale.com,Female,142.73.112.242
335,Hank,Cowndley,hcowndley9a@thetimes.co.uk,Male,194.196.0.63
,Mayor,Shemmin,mshemmin9b@friendfeed.com,Male,16.149.185.73
337,Ainslie,Alessandone,,,
338,,,lletts9d@yelp.com,,
339,Bobina,,,Female,165.204.151.241
340,Xavier,MacKeague,xmackeague9f@de.vu,Male,71.19.60.190
341,Andromache,Pughe,apughe9g@issuu.com,Female,
342,Alexei,Sabate,asabate9h@marketwatch.com,Male,24.65.249.21
343,Dene,Taffarello,dtaffarello9i@ihg.com,Male,36.247.123.19
344,Jakob,Brahm,jbrahm9j@people.com.cn,Male,
345,Ced,Brusin,cbrusin9k@4shared.com,,
346,Nevile,Wilding,,Male,183.219.223.153
347,Jannelle,Zannuto,jzannuto9m@upenn.edu,Female,81.86.69.103
348,Bird,Lenden,blenden9n@zdnet.com,Female,
,Debra,Townsley,dtownsley9o@ftc.gov,Female,145.14.199.241
350,Eleanor,Gernier,egernier9p@imgur.com,,114.242.224.135
351,Henderson,Kytter,hkytter9q@etsy.com,Male,130.89.43.166
352,Sim,Poyntz,spoyntz9r@businessweek.com,Male,35.22.218.1
353,Byram,Banes,bbanes9s@studiopress.com,Male,113.60.0.175
354,Rudolf,Albisser,ralbisser9t@merriam-webster.com,Male,102.64.239.178
355,,Royall,sroyall9u@marriott.com,Female,230.152.190.115
356,Domini,Postlewhite,dpostlewhite9v@networkadvertising.org,Female,13.255.119.226
357,Reinold,Beeze,rbeeze9w@example.com,,194.227.240.69
358,Porty,Mucci,pmucci9x@aol.com,Male,56.106.12.248
359,Marlow,Areles,mareles9y@cbsnews.com,Male,1.33.65.72
360,Joel,Featherstonhaugh,jfeatherstonhaugh9z@google.it,Male,81.182.77.244
361,Nelle,,ndonetta0@skype.com,,252.90.226.95
362,Tracy,Senn,tsenna1@1688.com,,
363,Gabby,,ggaitskella2@cam.ac.uk,Male,92.144.60.235
364,Nalani,Ullett,nulletta3@nsw.gov.au,,
365,Gaston,Dorracott,gdorracotta4@ucla.edu,Male,21.79.33.149
366,Rancell,Thripp,rthrippa5@example.com,Male,20.34.122.216
,Sargent,Hunt,,Male,
368,Barnie,,,,
369,Germain,,gkettlestringesa8@dell.com,,227.215.128.16
370,Annmaria,Georgeot,ageorgeota9@hud.gov,Female,45.87.196.237
371,,Cronk,gcronkaa@flavors.me,Male,138.254.159.87
372,Carlie,Risen,crisenab@umich.edu,Male,61.215.159.172
373,Karl,Traut,,Male,113.73.109.41
374,,Coppledike,pcoppledikead@msu.edu,Female,
375,Eugenio,Yakebovitch,,Male,
376,Teodoor,,tsimkissaf@cnbc.com,,174.60.72.75
377,Tobe,,taylmerag@opera.com,,140.25.104.104
378,Felike,,,Male,49.254.139.150
379,Norri,Basil,nbasilai@dmoz.org,Female,
380,Carmine,Bruntjen,cbruntjenaj@jimdo.com,Male,80.19.228.111
381,Moshe,,,Male,
382,Case,Hellmore,chellmoreal@drupal.org,Male,75.184.156.210
383,Ashbey,Timby,atimbyam@multiply.com,Male,
384,Marget,Blatchford,mblatchfordan@hugedomains.com,Female,
385,Batsheva,,,Female,
386,,Ransbury,sransburyap@blogs.com,Female,178.135.183.81
387,,Peagrim,,Female,193.221.191.231
,Amye,Sparkwell,asparkwellar@cpanel.net,Female,
389,Christoph,,certas@imageshack.us,Male,37.126.251.95
390,Nikolaus,,nthackrayat@deliciousdays.com,Male,
391,Carina,,,Female,4.238.88.152
392,Cammi,Thowless,,,147.7.120.104
393,,,zsonaw@webnode.com,Male,157.121.137.104
394,Albie,Groucock,agroucockax@google.es,Male,26.18.30.24
395,Hermy,Di Bernardo,,Male,94.35.161.126
396,Kiah,Seakes,kseakesaz@bluehost.com,Female,166.21.98.184
397,Jan,,jwalshb0@taobao.com,Male,91.51.119.154
398,Karleen,,kshirtb1@intel.com,Female,
399,Carmela,Thewlis,cthewlisb2@acquirethisname.com,Female,31.95.186.227
400,Guglielmo,Kiera,gkierab3@paginegialle.it,,35.20.0.110
401,Fields,Lefeaver,flefeaverb4@sakura.ne.jp,Male,
402,Laural,McNiven,lmcnivenb5@blogtalkradio.com,Female,
403,Pepita,Blanden,pblandenb6@cbc.ca,,
404,Skipper,Layborn,slaybornb7@census.gov,Male,
405,Jimmie,Sparrow,jsparrowb8@tripod.com,Male,106.193.149.186
406,Edd,Ubsdell,,,93.32.12.111
407,Dewain,Ormrod,dormrodba@tripod.com,Male,
408,Conrad,Bennike,cbennikebb@dmoz.org,Male,90.175.200.254
409,Gardy,Cavendish,gcavendishbc@sogou.com,Male,144.50.122.90
410,Cordey,Verbruggen,cverbruggenbd@moonfruit.com,Female,97.0.252.14
411,Gordy,Hurche,ghurchebe@51.la,Male,
412,Brig,Marchington,bmarchingtonbf@creativecommons.org,Male,
413,Conney,Jeffels,,Male,2.58.241.204
,Olivier,,,,70.49.10.237
415,Germain,Uridge,guridgebi@vkontakte.ru,Female,
416,Ronalda,Creevy,,Female,71.235.107.128
,Brigham,Lowthorpe,blowthorpebk@admin.ch,,238.179.154.166
418,Raine,Week,,Female,
419,Osmund,Ambrogini,oambroginibm@washingtonpost.com,Male,16.80.25.51
420,Rodolphe,Webburn,rwebburnbn@bbb.org,Male,155.107.202.23
421,Tam,Melliard,tmelliardbo@goo.ne.jp,Male,195.81.168.226
422,Amelie,,agiacobazzibp@miibeian.gov.cn,Female,
423,Arlette,,aargonttbq@yellowpages.com,Female,97.85.198.33
424,Earl,Riehm,,,33.222.98.143
,Tye,Govier,tgovierbs@go.com,Male,133.208.70.134
426,Smitty,Amar,samarbt@latimes.com,,4.81.197.168
427,Ferguson,Jecks,fjecksbu@yolasite.com,Male,22.166.238.19
428,Bessie,Channer,bchannerbv@intel.com,,86.199.125.7
429,,Faulconer,bfaulconerbw@unblog.fr,Male,122.39.138.200
430,Timofei,Schusterl,tschusterlbx@mail.ru,Male,
431,Fidel,Viveash,fviveashby@theglobeandmail.com,Male,
432,,Beverstock,mbeverstockbz@usgs.gov,Male,9.110.65.218
433,Ludovika,Nester,lnesterc0@jimdo.com,,68.95.13.174
434,Penni,Barabisch,pbarabischc1@yellowpages.com,,
435,Cristi,Worman,cwormanc2@mashable.com,Female,109.152.115.212
436,Aurea,Kedward,akedwardc3@weibo.com,Female,
437,Mehetabel,,msaylesc4@wordpress.org,Female,70.27.182.151
438,Clarke,Whaplington,cwhaplingtonc5@princeton.edu,Male,84.135.69.36
439,,Basten,cbastenc6@blog.com,,53.71.55.131
440,Mortie,Sharple,msharplec7@yahoo.co.jp,Male,42.198.120.252
441,Zorana,Coldbathe,zcoldbathec8@wisc.edu,Female,125.165.232.15
442,Quent,Dain,qdainc9@ft.com,Male,218.221.210.124
443,Muffin,,mpykettca@soundcloud.com,Male,140.70.192.187
444,Colene,Vogel,cvogelcb@123-reg.co.uk,,72.137.6.130
445,Chalmers,Sunnucks,csunnuckscc@chicagotribune.com,Male,174.126.240.128
446,Clio,Le Count,clecountcd@miitbeian.gov.cn,,
447,Lexine,Rignold,lrignoldce@shutterfly.com,,122.133.254.249
448,Hobard,Taffs,htaffscf@tripod.com,Male,
449,Katusha,Simioli,ksimiolicg@paginegialle.it,Female,
450,Diann,Brend,dbrendch@loc.gov,Female,243.101.62.39
451,Dorthy,Tapscott,dtapscottci@geocities.jp,Female,61.224.127.131
452,Quincey,MacFarlan,qmacfarlancj@blogspot.com,Male,165.84.22.202
453,Kalil,Luney,,,208.239.197.145
454,Cinnamon,Darrington,cdarringtoncl@printfriendly.com,Female,
455,Shaylynn,Elcome,selcomecm@cnet.com,,
456,Marty,Kilduff,mkilduffcn@dropbox.com,,111.142.48.209
457,Petronilla,,pnayerco@pinterest.com,,118.83.149.9
458,Izabel,,iplakcp@newyorker.com,,111.219.184.159
459,Paten,Krammer,pkrammercq@flickr.com,Male,232.244.56.103
460,Tris,,tbaseycr@china.com.cn,Male,209.160.248.253
,Corbin,Corpe,ccorpecs@xinhuanet.com,Male,
462,Stesha,Boydle,,Female,139.21.123.116
,Winnie,Summersby,,,132.86.138.83
464,Joyce,Blenkinsop,jblenkinsopcv@stumbleupon.com,Female,22.183.193.160
465,Kim,Denford,kdenfordcw@statcounter.com,Male,106.152.151.53
466,Maurizio,Kinzel,mkinzelcx@intel.com,Male,139.66.100.189
467,Francene,,fhobellcy@taobao.com,Female,
468,Elene,Antognoni,eantognonicz@opensource.org,,
469,Pamela,Clacson,pclacsond0@cam.ac.uk,,127.16.130.42
470,Beverlee,Astley,bastleyd1@reverbnation.com,,57.74.8.59
471,Addy,Warkup,awarkupd2@netlog.com,Male,216.77.142.173
472,Hermina,Hodgins,hhodginsd3@goo.gl,Female,154.0.254.3
473,Felicle,Litchfield,flitchfieldd4@plala.or.jp,Female,203.59.134.121
474,Minne,Warr,mwarrd5@earthlink.net,,213.241.25.143
475,Von,Hixson,,Male,52.192.242.252
476,,Aldersea,maldersead7@pcworld.com,Female,129.24.170.255
477,Travus,,tahearned8@goo.ne.jp,Male,
478,Weston,Binne,wbinned9@gravatar.com,Male,42.51.116.133
479,Osbourn,Terron,oterronda@google.cn,Male,61.53.3.242
480,Hilton,Lumly,hlumlydb@berkeley.edu,Male,
481,Milty,,mdeacockdc@aboutads.info,Male,17.177.190.111
482,Moses,,mgearddd@google.com.br,Male,170.116.114.90
483,Solly,Fenners,sfennersde@adobe.com,Male,197.0.247.22
484,,Van Der Straaten,mvanderstraatendf@hhs.gov,Female,
485,Humbert,MacCulloch,hmaccullochdg@com.com,Male,
486,Fred,Tomala,ftomaladh@plala.or.jp,Female,
487,Mallory,Manoch,mmanochdi@statcounter.com,Male,64.58.128.87
488,Emile,Crone,ecronedj@princeton.edu,Male,248.221.88.109
489,Missie,Bonwell,mbonwelldk@dion.ne.jp,,51.128.173.189
490,Barbara,Fomichkin,,,62.198.32.118
491,Bradley,Threadgall,,Male,236.171.254.128
,Fabe,Shuttleworth,fshuttleworthdn@fema.gov,,14.86.194.205
,Wilburt,Leavy,wleavydo@eepurl.com,Male,250.112.206.187
494,,Burchatt,fburchattdp@example.com,Male,11.161.136.79
495,Merrick,Bute,mbutedq@feedburner.com,Male,129.27.107.243
496,Ashia,Staterfield,,,208.106.226.218
,Silvano,,sbyllamds@edublogs.org,Male,174.116.11.14
498,Molly,,,Female,64.190.58.139
499,Ewan,,eloyntondu@home.pl,Male,103.220.10.67
500,Jarvis,Vannacci,jvannaccidv@zdnet.com,Male,
501,Paxton,Cicculini,pcicculinidw@telegraph.co.uk,,26.18.157.40
502,Korney,de la Valette Parisot,kdelavaletteparisotdx@gizmodo.com,,201.44.240.253
503,Erinna,,egiorgiellidy@istockphoto.com,,190.159.170.214
504,Hannie,Pauletto,,Female,20.155.142.232
505,Leupold,Raggett,lraggette0@princeton.edu,Male,34.22.133.207
506,Matthieu,MacDwyer,mmacdwyere1@furl.net,Male,74.220.86.105
507,Orelie,Duffus,oduffuse2@github.io,Female,162.195.198.45
508,Georges,Colquete,gcolquetee3@constantcontact.com,Male,161.223.204.196
509,Danny,Trowsdale,dtrowsdalee4@unblog.fr,Female,53.178.233.171
510,Carlyle,Dalligan,cdalligane5@sciencedirect.com,,
511,Ainslie,Maddyson,,Female,231.237.236.178
512,Terrence,Bramelt,tbramelte7@123-reg.co.uk,Male,
,,,bbuste8@irs.gov,,198.220.218.221
514,Hieronymus,Trank,htranke9@dagondesign.com,Male,217.132.86.92
515,Patty,McCumesky,pmccumeskyea@businessweek.com,,81.199.77.66
516,,Van der Beken,tvanderbekeneb@ihg.com,Female,
517,Kristina,Clipsham,kclipshamec@twitpic.com,Female,5.90.109.252
518,Miguel,Luis,,Male,55.47.89.234
519,Jacinthe,Dable,jdableee@multiply.com,Female,
520,Augustin,Yuille,ayuilleef@wordpress.org,Male,208.157.134.73
521,Ginevra,Wyett,gwyetteg@ifeng.com,,85.251.116.152
522,Sinclair,Paulucci,,Male,177.101.192.24
523,,Bilbrook,,Male,
524,Cristobal,D'Elias,,,226.199.109.139
525,,Broadwell,pbroadwellek@wunderground.com,Male,
526,Jordon,,jdrengel@wp.com,,
527,Faina,,fdebischofem@google.nl,Female,
,Mac,Pirdue,mpirdueen@hostgator.com,Male,
,Marcellus,,mdeanesyeo@apple.com,Male,194.39.21.65
530,Bette-ann,MacTavish,bmactavishep@paypal.com,Female,
531,Roby,Rampton,rramptoneq@chron.com,Female,
532,Tye,Beadnell,tbeadneller@chronoengine.com,Male,
533,Teador,Lafrentz,tlafrentzes@shareasale.com,Male,
534,Marielle,Jaksic,mjaksicet@reddit.com,Female,
535,Melli,Grima,mgrimaeu@cdc.gov,Female,
536,Nedi,Camelia,ncameliaev@marketwatch.com,Female,211.246.110.203
537,Reynolds,Beattie,rbeattieew@dion.ne.jp,Male,175.72.192.54
538,Emlen,Nozzolii,,,
539,Josefina,Fawson,,,128.38.117.40
540,Gabriela,,ghallbordez@comsenz.com,,
541,Reuven,Towse,rtowsef0@cyberchimps.com,Male,
542,Sidnee,Sallings,ssallingsf1@sphinn.com,Male,27.165.191.132
543,Marylinda,,mscarref2@forbes.com,Female,
544,Tracie,Bestwerthick,tbestwerthickf3@arizona.edu,Female,
545,Talya,Hedling,,Female,
546,,Littley,elittleyf5@discuz.net,Female,52.106.205.40
547,Ivor,Loakes,iloakesf6@weather.com,Male,180.236.255.206
548,Benton,Sawley,,Male,
549,Jenica,Rosling,jroslingf8@oracle.com,Female,252.68.133.38
550,Donnajean,Eassom,deassomf9@gmpg.org,Female,
551,Corri,,cchidlerfa@dell.com,Female,25.246.3.213
552,Bobbie,Larn,blarnfb@photobucket.com,,120.54.131.61
553,Natty,Shewsmith,nshewsmithfc@google.cn,Male,254.108.106.184
554,Linoel,Searchwell,lsearchwellfd@blinklist.com,,
555,Dayna,,,,126.189.196.232
556,Chris,,,Female,
557,Avril,Redmain,,,142.91.189.33
558,Bjorn,Louiset,,Male,199.245.104.244
559,Brucie,,bfearnyoughfi@1688.com,Male,
560,Moses,Inott,,,
561,Willy,Cornew,wcornewfk@360.cn,Female,44.110.13.218
562,Swen,,,Male,
563,Reta,Bastow,rbastowfm@weebly.com,Female,116.208.120.62
564,Ramonda,Craigmile,rcraigmilefn@cpanel.net,Female,
565,Blake,Winterbourne,,Male,45.197.219.117
566,Rosabella,Kulic,rkulicfp@devhub.com,,144.110.212.45
567,,Martinho,smartinhofq@apache.org,Male,236.185.21.161
568,Evyn,MacAleese,emacaleesefr@shop-pro.jp,,13.249.67.245
569,Alain,Skipper,askipperfs@ucla.edu,,249.175.7.254
570,Merell,,mbouchierft@arizona.edu,Male,
571,Jayme,Kern,,,193.92.76.153
572,Sarita,Castillo,scastillofv@twitpic.com,,
573,Ancell,Rounding,aroundingfw@usgs.gov,Male,34.140.34.133
574,Rem,Cawsey,rcawseyfx@salon.com,Male,253.98.240.138
575,Salim,Camidge,,Male,135.200.230.112
576,Bradly,,,Male,64.116.157.195
577,Rhona,Guwer,rguwerg0@huffingtonpost.com,Female,229.218.223.107
578,Maryann,Scowen,mscoweng1@mozilla.com,Female,98.31.105.76
579,Hilary,Kinane,hkinaneg2@telegraph.co.uk,Male,99.203.84.231
580,Shay,,,,
581,Blithe,Neles,bnelesg4@reuters.com,Female,252.132.15.166
582,,Coulthard,acoulthardg5@homestead.com,,222.220.21.108
583,Deerdre,Golt,,Female,169.250.244.71
584,Darwin,Goody,dgoodyg7@examiner.com,,
,Whitby,Broek,,Male,
586,,,kbuntg9@cnbc.com,Female,148.189.45.166
587,,Possel,zposselga@cpanel.net,Female,126.198.175.21
588,Lavinie,Neesam,lneesamgb@answers.com,Female,127.208.196.44
589,Bettye,,bkeyndgc@usatoday.com,Female,79.13.33.217
590,Ray,Deaves,rdeavesgd@utexas.edu,,44.242.225.82
591,Terence,,,Male,61.173.182.210
592,Orly,Ledrane,oledranegf@blogs.com,Female,80.111.203.199
593,Nicolette,McGahy,,Female,222.90.65.185
594,Estel,,elowseleygh@4shared.com,,152.211.58.122
595,Liva,Egre,legregi@mlb.com,,139.232.110.214
596,Franni,Eldershaw,feldershawgj@issuu.com,,140.171.147.172
597,,Gudd,lguddgk@i2i.jp,Male,14.211.94.20
598,Aurel,Drakard,,Female,6.7.253.252
599,,Rizzardo,hrizzardogm@cornell.edu,Male,165.79.240.230
600,Niki,Geratt,ngerattgn@bbc.co.uk,,34.211.62.150
601,Alane,Itzkovich,aitzkovichgo@un.org,Female,87.244.38.21
602,Leonie,Milbank,lmilbankgp@ucoz.com,Female,
603,Gideon,Haresnape,gharesnapegq@163.com,Male,
604,,Bouzek,bbouzekgr@simplemachines.org,Male,209.125.146.111
605,Kareem,D'Oyley,kdoyleygs@merriam-webster.com,Male,80.239.236.138
606,Adams,Boxer,aboxergt@networkadvertising.org,Male,211.214.112.27
607,Brittne,Warnes,bwarnesgu@a8.net,,90.143.195.203
608,Henrik,Remmers,hremmersgv@constantcontact.com,Male,157.229.164.155
609,Carrol,,cackredgw@netvibes.com,Male,239.144.157.127
610,,Keppe,skeppegx@wisc.edu,Female,
611,Morena,Klausewitz,mklausewitzgy@chron.com,Female,7.137.226.253
612,Jermain,Crinidge,jcrinidgegz@ftc.gov,Male,41.188.188.155
613,Truda,Skeldinge,,Female,
614,,Hayer,phayerh1@ibm.com,Male,224.165.220.93
615,Emalee,Caslett,ecasletth2@lulu.com,Female,167.129.200.72
616,Pierre,Hazard,,,144.54.61.24
617,Alison,Yitzhak,,Female,84.126.139.107
618,Christen,,csandomh5@a8.net,,92.205.39.244
619,,Nunnerley,,Male,
620,Fransisco,Spaven,fspavenh7@t-online.de,,
621,Bobbi,Surgenor,bsurgenorh8@canalblog.com,Female,
622,Demetrius,Rogeron,drogeronh9@hud.gov,,26.56.137.176
623,Alis,Murrthum,amurrthumha@ucoz.com,Female,177.61.23.247
624,Layton,,lsmeedhb@flickr.com,,98.219.26.133
625,Nola,Wallwood,nwallwoodhc@nifty.com,Female,
626,Rodi,Stoves,rstoveshd@parallels.com,Female,207.102.224.112
627,Halsy,,hhoodlesshe@uol.com.br,,47.198.122.106
628,Dion,Nardrup,dnardruphf@senate.gov,Male,181.81.76.77
629,Andrej,Murtell,amurtellhg@umich.edu,Male,216.144.149.6
630,Keefe,Beardmore,,Male,87.116.38.3
631,Austin,Mayer,amayerhi@army.mil,Male,
632,Eugine,Keiley,ekeileyhj@chron.com,Female,177.86.75.207
633,Birch,Norcliffe,bnorcliffehk@pen.io,Male,
634,Athene,,acantorhl@list-manage.com,,91.12.60.104
635,Curt,,cjeffhm@yolasite.com,Male,
,Gretal,Esberger,,Female,123.131.146.211
637,Laetitia,Viegas,lviegasho@jigsy.com,,233.234.115.121
638,,Bogges,hboggeshp@epa.gov,Female,24.88.35.47
639,,Print,sprinthq@joomla.org,Male,
,Leann,McMinn,lmcminnhr@amazon.co.jp,,121.212.18.99
641,Britt,Aizikovitch,,Male,81.64.218.219
642,Trumann,Gozard,,Male,96.245.215.137
643,Rob,,rgreenhamhu@bing.com,,
644,Estrellita,Matei,emateihv@photobucket.com,Female,
645,Stearne,Rissen,srissenhw@mozilla.com,Male,
646,Bennie,Ducarel,bducarelhx@princeton.edu,Female,246.17.49.171
647,Florida,Parke,,Female,208.131.177.105
648,Johnathon,Winfindale,jwinfindalehz@ustream.tv,Male,248.26.107.72
649,Ragnar,Goodlip,rgoodlipi0@creativecommons.org,Male,133.228.41.177
650,Noella,Morfield,nmorfieldi1@senate.gov,Female,192.164.65.200
651,,,ksnapei2@netscape.com,,63.150.168.1
652,Yuri,Farbrace,yfarbracei3@dailymail.co.uk,Male,23.242.35.53
,Inger,Kennington,ikenningtoni4@fastcompany.com,Male,225.80.69.251
654,Allen,Craker,acrakeri5@un.org,Male,94.140.122.184
655,Lucinda,Cock,lcocki6@yelp.com,,
656,Lana,Gritskov,lgritskovi7@hhs.gov,,152.69.82.190
657,Jeffrey,,jhansi8@yahoo.com,Male,235.110.60.39
658,,Vallow,lvallowi9@4shared.com,Female,
659,Bern,Docker,bdockeria@ehow.com,Male,138.20.192.108
660,Esma,Goncalo,egoncaloib@buzzfeed.com,Female,68.248.19.231
661,Vilma,Dearell,vdearellic@tuttocitta.it,Female,89.48.157.67
662,Leland,Cuttell,lcuttellid@umn.edu,Female,185.43.192.252
663,Allie,Rosser,arosserie@weebly.com,Male,87.10.38.159
664,Rafael,,rmoyersif@cloudflare.com,,12.129.229.142
665,Bob,Lechmere,blechmereig@geocities.com,Male,
666,Weidar,Jeffels,wjeffelsih@cisco.com,Male,6.91.232.87
667,Pauli,Quartermaine,pquartermaineii@themeforest.net,Female,
668,Marti,Shea,msheaij@sfgate.com,,162.233.20.130
669,Allard,Ahlf,aahlfik@typepad.com,Male,178.57.102.237
670,Torrance,Sier,tsieril@spotify.com,Male,69.56.115.212
671,Annalise,Dioniso,adionisoim@instagram.com,,226.99.60.128
,Bailie,,bgaitin@zimbio.com,Male,
673,Tremain,O'Hickee,tohickeeio@yahoo.co.jp,Male,
674,,Eakin,neakinip@pbs.org,Male,91.62.238.229
675,,McLorinan,amclorinaniq@hostgator.com,Male,53.239.194.107
676,Carlye,Hiddy,chiddyir@goo.gl,Female,114.225.235.117
677,Siusan,Leroux,slerouxis@hud.gov,Female,43.162.94.9
678,Marwin,Gatenby,,Male,30.21.109.116
679,Mimi,Gladding,mgladdingiu@time.com,Female,187.181.82.245
680,Luci,Capelen,lcapeleniv@studiopress.com,Female,67.136.142.138
681,Frasier,Pierri,fpierriiw@lycos.com,Male,
682,Olenolin,Januszewicz,ojanuszewiczix@mysql.com,Male,25.77.142.116
683,,Gorbell,jgorbelliy@dedecms.com,,236.91.28.150
684,Natalee,Nottle,,Female,76.177.251.29
685,Berte,,,Female,165.155.111.132
686,Demeter,Extil,dextilj1@goo.ne.jp,,118.159.47.201
687,Theodore,Zettoi,tzettoij2@mysql.com,Male,16.113.245.194
688,Ellery,,ekleinhausenj3@ftc.gov,Male,250.150.233.77
689,Care,,,Male,
690,Myrle,,mcheesleyj5@netlog.com,,23.29.218.241
691,Halley,Fayre,hfayrej6@diigo.com,,4.145.114.74
692,Anica,Rawstron,,Female,
693,Pegeen,Juara,pjuaraj8@shareasale.com,,111.149.99.191
694,Ettie,Stood,estoodj9@digg.com,Female,163.51.121.197
695,Desiri,Breen,dbreenja@sakura.ne.jp,Female,237.130.103.237
696,Bearnard,,,Male,
697,Neddie,Bentham,nbenthamjc@xing.com,Male,31.74.148.227
698,Ralph,Simkins,rsimkinsjd@oakley.com,Male,197.73.101.209
,,,shuneje@behance.net,Male,120.173.54.133
700,Meryl,Drysdall,mdrysdalljf@ezinearticles.com,,119.104.12.20
701,Christiane,Cullingford,ccullingfordjg@macromedia.com,Female,
,Yorker,,yriglesfordjh@google.com.br,Male,241.17.143.193
703,Opal,,osalmonji@quantcast.com,Female,14.116.157.55
704,Cale,Mennell,cmennelljj@lycos.com,Male,210.22.92.50
705,Yulma,Spurgin,yspurginjk@dyndns.org,Male,
706,Dorree,Duferie,dduferiejl@imageshack.us,Female,199.159.84.115
707,Olivette,Grinyov,,Female,160.129.91.250
708,Oswell,MacGragh,omacgraghjn@squarespace.com,Male,113.226.214.205
709,Hillyer,,hmcneillyjo@hibu.com,Male,123.59.65.122
710,,Sweedland,lsweedlandjp@booking.com,Male,167.61.210.145
711,Haslett,Roskell,,,103.165.161.7
712,Desmond,Ferraresi,dferraresijr@opera.com,Male,27.89.220.104
713,,Whatling,cwhatlingjs@plala.or.jp,,155.221.77.190
714,Talbert,Cuolahan,,Male,141.39.95.101
715,Caterina,Albers,calbersju@cpanel.net,Female,
,Halimeda,,hproctorjv@tripod.com,,137.34.167.157
717,Zuzana,Grocock,zgrocockjw@de.vu,Female,147.156.212.5
718,Elyn,Cullingworth,ecullingworthjx@harvard.edu,,111.102.12.210
719,Carmine,Westmacott,,Female,
720,Ray,Chern,,Male,177.168.221.231
721,Roslyn,,rsmallmank0@bbc.co.uk,Female,166.72.178.98
722,Zenia,Bagworth,zbagworthk1@plala.or.jp,,252.19.167.25
723,Kora,Brumfitt,kbrumfittk2@thetimes.co.uk,Female,145.255.195.208
724,,Peterkin,vpeterkink3@hibu.com,Female,120.23.138.107
725,,Dragge,sdraggek4@cloudflare.com,Female,241.237.54.0
726,Sim,Boyen,sboyenk5@clickbank.net,,142.8.28.135
727,Gerhardt,Lamy,glamyk6@gmpg.org,,186.132.202.70
728,Ashlan,Eversfield,aeversfieldk7@google.es,Female,
729,Tan,Tootin,ttootink8@cpanel.net,Male,
730,Marlon,,mlongworthyk9@hao123.com,Male,60.54.5.117
731,Aldwin,Romans,,Male,
732,Courtney,Jedrzaszkiewicz,cjedrzaszkiewiczkb@chron.com,Male,22.204.134.17
733,Adina,Wyndham,,,115.129.181.96
734,,Hevey,wheveykd@usda.gov,Male,128.253.101.47
735,,Vince,,Male,210.216.223.198
736,Lillian,Channer,lchannerkf@xinhuanet.com,Female,
737,Bary,Pine,bpinekg@nature.com,Male,
738,Thornton,Heart,theartkh@bigcartel.com,Male,19.230.68.11
739,Sianna,Fold,,Female,
,Gawen,MacBain,gmacbainkj@whitehouse.gov,,248.166.127.136
741,Dotti,Kimbley,dkimbleykk@storify.com,,
742,Theodora,Manneville,tmannevillekl@dedecms.com,Female,51.205.185.118
743,Randolph,Allcorn,,Male,151.90.21.7
744,Mireielle,Redsell,mredsellkn@state.gov,Female,190.55.146.149
745,Cicely,Kaines,,Female,87.70.85.89
746,Mylo,,mweymontkp@sakura.ne.jp,,54.159.0.100
747,Jacinda,Castelli,jcastellikq@shutterfly.com,Female,
748,,Kime,tkimekr@wikimedia.org,Female,
749,Jeannette,Saffon,jsaffonks@liveinternet.ru,Female,
750,Kenny,McLeese,,Male,
751,Novelia,Hobden,,Female,77.168.224.145
752,Cyrillus,Durant,cdurantkv@blogs.com,,
753,,Emby,rembykw@studiopress.com,Male,
754,Fran,,fgleetonkx@loc.gov,Male,216.71.178.223
755,Norrie,Ollerton,nollertonky@cargocollective.com,Male,
756,Reeba,,,,65.167.187.112
757,Joycelin,O'Harney,,,74.80.250.193
758,Beaufort,McCathay,bmccathayl1@bing.com,Male,74.227.209.20
759,Berkley,Loughrey,,Male,
,Libbey,Raggatt,lraggattl3@163.com,Female,229.171.172.222
761,Kelsey,Whelpdale,kwhelpdalel4@dropbox.com,Female,16.40.232.207
762,Marlo,Yannikov,myannikovl5@tiny.cc,Male,18.36.91.144
763,,,,,
764,Hendrik,Maccaddie,hmaccaddiel7@wordpress.com,,199.127.232.119
765,Neall,Rollings,nrollingsl8@webmd.com,Male,
766,Caty,Ashlin,cashlinl9@altervista.org,Female,
767,Luz,Wathey,,Female,62.195.149.66
768,Meryl,Halse,mhalselb@histats.com,Female,205.21.229.108
769,Shina,,shefnerlc@shutterfly.com,Female,253.242.56.14
770,Hilda,Sherwen,hsherwenld@macromedia.com,Female,228.201.52.233
771,,Forster,mforsterle@cyberchimps.com,Female,75.234.221.206
772,,Ferdinand,sferdinandlf@gmpg.org,Female,141.212.68.244
,Cesaro,Kharchinski,ckharchinskilg@washington.edu,Male,12.227.255.229
774,Anatol,Von Der Empten,avonderemptenlh@ucla.edu,Male,163.156.190.127
775,Pepi,Aulsford,paulsfordli@netscape.com,Female,229.133.193.101
776,Jordan,,jhowselj@ucla.edu,Male,212.127.181.35
777,Kermy,Londors,klondorslk@ox.ac.uk,Male,56.206.6.188
778,Von,Beardsley,vbeardsleyll@intel.com,,196.248.32.62
779,Elroy,Ginner,eginnerlm@squarespace.com,Male,131.223.200.165
780,Reinhold,Screach,rscreachln@goodreads.com,Male,
781,Rosie,Shurmer,rshurmerlo@livejournal.com,Female,
782,Dennis,Burrage,,Male,
783,Angil,Thorogood,athorogoodlq@creativecommons.org,,116.170.206.208
784,Anthia,Fullom,,,231.233.226.175
785,Xavier,Lints,xlintsls@fda.gov,,120.72.36.176
786,Paolina,White,,Female,44.105.224.192
787,,Beagan,ebeaganlu@army.mil,Female,25.109.212.231
788,Vernor,Rigardeau,vrigardeaulv@ocn.ne.jp,,
789,Eldin,Matthewes,emattheweslw@imdb.com,Male,
790,Gino,Cahalin,gcahalinlx@plala.or.jp,Male,127.83.102.228
791,Shane,Harwin,sharwinly@ycombinator.com,Male,136.0.10.8
792,Betteann,Guerriero,,,
793,Philbert,,pdefreynem0@examiner.com,Male,
794,Quinlan,Pratton,qprattonm1@accuweather.com,Male,239.153.22.82
795,Aubree,Kyttor,akyttorm2@github.io,Female,108.248.153.51
796,Christabel,Haberjam,chaberjamm3@arstechnica.com,Female,198.40.59.145
797,Fremont,Younge,,Male,229.246.156.38
798,Bernhard,Potteridge,bpotteridgem5@unicef.org,,
799,Gaspar,Smaleman,gsmalemanm6@unblog.fr,Male,175.111.252.58
800,Gabie,Durden,gdurdenm7@photobucket.com,Male,
,Vevay,Kilmaster,vkilmasterm8@usgs.gov,,1.119.205.72
802,Stewart,Mayer,smayerm9@icio.us,,233.180.23.131
803,Ewell,Duligal,,,138.36.24.118
804,Nicola,O'Corrigane,nocorriganemb@theglobeandmail.com,,151.119.146.142
805,Heidi,Escofier,hescofiermc@amazon.co.jp,Female,
806,Findley,Murtimer,fmurtimermd@seattletimes.com,,
807,Lion,Othen,lothenme@zimbio.com,Male,
808,Sonia,Willgoss,swillgossmf@mayoclinic.com,Female,253.129.11.89
809,Harcourt,Ginnety,hginnetymg@sbwire.com,Male,
810,Jennica,,jandrieuxmh@craigslist.org,,170.44.229.165
811,Ravid,,,,62.157.157.211
812,Cherilynn,Boath,cboathmj@apache.org,Female,232.71.109.242
813,Hillary,,hcloughermk@multiply.com,Female,83.43.101.60
814,Otha,Fosdyke,ofosdykeml@google.ca,,51.124.187.44
815,Garfield,Martill,gmartillmm@livejournal.com,Male,71.82.36.233
816,Wittie,Genicke,wgenickemn@oracle.com,,168.7.157.20
817,Janetta,Dankov,jdankovmo@nps.gov,,13.21.151.152
818,,Lead,fleadmp@nytimes.com,Female,43.177.72.178
819,Winston,Fussen,wfussenmq@adobe.com,Male,153.222.148.128
820,Clayborne,Segot,csegotmr@ow.ly,,109.39.171.200
821,Olwen,Pudner,opudnerms@mit.edu,Female,
822,Francklin,Van Giffen,,Male,89.171.35.46
823,Batholomew,Pitkethly,bpitkethlymu@cocolog-nifty.com,Male,
824,Waldon,Churches,wchurchesmv@feedburner.com,Male,
825,Tobe,Issac,tissacmw@delicious.com,Male,166.14.103.132
,Gregorio,Corben,gcorbenmx@joomla.org,Male,194.152.84.76
827,,Chenery,jchenerymy@twitpic.com,Female,133.132.89.77
828,,Runnacles,rrunnaclesmz@cocolog-nifty.com,,247.69.51.139
829,,Krop,kkropn0@slashdot.org,,65.200.48.142
830,,Bellwood,dbellwoodn1@jalbum.net,Male,7.162.149.3
831,Melanie,,mwillersonn2@blog.com,Female,
832,Quintina,Czajkowska,qczajkowskan3@jiathis.com,Female,233.56.252.140
833,Lesly,Doram,ldoramn4@technorati.com,Female,42.202.34.147
834,Lacie,Curdell,lcurdelln5@csmonitor.com,Female,41.79.233.213
835,Jeramey,Connick,,Male,119.143.175.64
836,Penny,Stonard,pstonardn7@arizona.edu,,93.199.201.240
837,Leland,Stormes,lstormesn8@twitpic.com,Female,132.11.51.20
838,Shae,Adamides,sadamidesn9@apache.org,Male,
839,Ola,Healings,ohealingsna@state.gov,,5.51.65.172
840,Daryl,Jahndel,djahndelnb@aol.com,,208.59.186.186
841,Nelli,Stow,,,207.74.201.239
842,Barbee,,bblayneynd@who.int,Female,
843,Marvin,Staniford,mstanifordne@arstechnica.com,,56.42.59.5
,Claudelle,Moden,,Female,
845,Brandise,,bcornilsng@bing.com,Female,220.135.107.3
846,,Jarrard,jjarrardnh@forbes.com,,192.159.67.121
847,Helen,Curtiss,,Female,101.32.9.177
,Rafaela,Cadding,,Female,
849,Wallis,Erwin,werwinnk@nps.gov,Female,
850,Sissy,,sgodfreynl@baidu.com,Female,114.179.247.139
851,Alberta,Ashling,aashlingnm@chron.com,,211.0.51.90
852,Chloette,Depka,,,
853,Anallise,Maypowder,amaypowderno@w3.org,,2.239.190.17
854,Glynn,Mallett,,Male,60.172.74.11
855,,Kingett,ckingettnq@addthis.com,,
856,Orrin,Klejna,oklejnanr@sohu.com,Male,189.63.56.252
857,Rora,Lightning,rlightningns@artisteer.com,Female,142.27.139.212
858,Frederic,Rubury,fruburynt@nymag.com,Male,175.200.14.204
,Mickey,Burrells,mburrellsnu@bing.com,Male,
860,Stinky,Vasyuchov,,Male,16.5.102.234
861,Michaeline,Zamora,mzamoranw@miibeian.gov.cn,Female,
862,Chiquia,Coopey,ccoopeynx@webnode.com,,139.102.237.230
863,Minerva,FitzGilbert,,Female,234.135.100.211
,Hephzibah,Ebertz,hebertznz@berkeley.edu,Female,49.2.67.253
865,Danny,Peller,dpellero0@fda.gov,Female,6.39.165.105
866,Wendye,Pratty,wprattyo1@theglobeandmail.com,Female,67.45.247.21
867,Neddy,De Moreno,ndemorenoo2@cyberchimps.com,Male,232.249.130.2
868,Donielle,Bartoli,dbartolio3@utexas.edu,Female,110.84.57.184
869,Jocko,Edmondson,jedmondsono4@squidoo.com,Male,255.155.232.202
870,Avivah,Rushworth,arushwortho5@oracle.com,,83.193.171.230
871,Moshe,Lindholm,,Male,215.189.249.155
872,Carlee,,cyeudallo7@elegantthemes.com,,
873,Jard,Bellanger,,,76.24.229.233
874,Graehme,Welbelove,,Male,
875,Joli,Wallbridge,,Female,
876,,Caltera,jcalteraob@behance.net,Male,136.134.77.225
877,Spencer,Ellicombe,sellicombeoc@biglobe.ne.jp,Male,
,Dale,Marin,dmarinod@whitehouse.gov,Male,147.73.130.86
879,Raynard,Emeney,,Male,200.224.119.223
880,Brendan,Byfield,,Male,226.216.214.213
881,Wilton,Hazeup,whazeupog@washington.edu,Male,218.200.35.77
882,Matthias,Wheeldon,mwheeldonoh@java.com,Male,
883,Neile,,,Female,64.148.114.52
884,Pippa,Butterfill,pbutterfilloj@macromedia.com,Female,
885,Orel,Viney,ovineyok@japanpost.jp,Female,82.234.144.94
886,Rebekkah,Ginman,rginmanol@blogtalkradio.com,Female,61.228.32.168
887,Tedmund,Kaminski,tkaminskiom@un.org,Male,202.155.75.49
888,Benji,Stobo,bstoboon@dagondesign.com,,
889,Rhianna,Garnam,,Female,60.148.205.195
890,Pen,Bleythin,pbleythinop@naver.com,Female,
891,Zora,Nannoni,,Female,233.184.51.72
892,Glen,Andreasen,gandreasenor@npr.org,Male,175.234.123.65
893,April,Leaman,,,136.60.178.114
894,Gerardo,Charlon,gcharlonot@nymag.com,Male,92.193.136.224
895,Robin,,rshakleou@ifeng.com,Male,68.70.3.210
896,Agata,Hannon,ahannonov@opensource.org,,
897,Jacqueline,Hofler,jhoflerow@blinklist.com,Female,40.7.149.250
898,Ronalda,,rgoldstoneox@quantcast.com,,
899,Caitlin,Childes,cchildesoy@state.tx.us,Female,
900,Abran,Tatlow,atatlowoz@economist.com,Male,6.209.49.145
901,Bertram,,bmucklowp0@theglobeandmail.com,,
902,Tammara,Anglin,tanglinp1@princeton.edu,,
903,Neal,Wilshin,nwilshinp2@nhs.uk,Male,
904,Blinnie,Jeens,bjeensp3@hc360.com,Female,34.175.215.13
905,Mace,Krebs,mkrebsp4@rambler.ru,Male,195.207.173.119
906,Letizia,Pidgeon,lpidgeonp5@foxnews.com,,115.166.149.74
907,Ravi,Methingam,rmethingamp6@nps.gov,Male,23.45.157.202
908,Kai,,kkruschevp7@posterous.com,Female,56.26.47.80
909,Kelsey,Podmore,kpodmorep8@usatoday.com,Female,134.232.53.55
,Karil,Lipscombe,klipscombep9@jalbum.net,,126.159.4.173
,Claudia,Jagg,,Female,116.15.121.112
912,Millie,Baigrie,mbaigriepb@bbb.org,Female,207.70.198.211
913,Odilia,McKeurton,omckeurtonpc@canalblog.com,Female,231.214.210.184
914,Liesa,Trivett,ltrivettpd@icio.us,Female,118.44.243.159
915,,Bradforth,rbradforthpe@google.cn,Female,134.108.148.141
916,Mel,Ong,mongpf@senate.gov,Female,27.171.153.181
917,Cletis,Inchley,,Male,122.41.19.113
918,Alica,Dovermann,adovermannph@cbslocal.com,Female,
919,Kalindi,Harefoot,kharefootpi@ihg.com,,
920,Jeanette,Shearmur,jshearmurpj@nbcnews.com,,111.68.15.118
921,Martie,,mbramerpk@hud.gov,,123.66.31.187
922,Mavis,Rigden,mrigdenpl@dailymail.co.uk,,105.180.148.84
923,Teirtza,Mullett,,Female,
924,Ernest,Cursons,ecursonspn@w3.org,Male,34.124.57.37
925,Maddie,Krates,mkratespo@hubpages.com,Female,86.22.201.73
926,,Tudgay,btudgaypp@patch.com,,230.211.200.251
927,Kory,Murfin,kmurfinpq@cbc.ca,Male,
928,Barnabas,Clampe,bclampepr@infoseek.co.jp,Male,
929,Willette,Pyser,wpyserps@imageshack.us,Female,236.153.95.110
930,Elroy,Gaven,egavenpt@goodreads.com,Male,153.250.187.8
931,,,dboughtwoodpu@thetimes.co.uk,Male,
932,Rory,McCaughen,,Female,166.235.99.104
933,Lissie,Turfes,lturfespw@liveinternet.ru,Female,181.240.77.72
934,Arnuad,Topping,atoppingpx@youku.com,,235.125.179.114
935,Minna,Scatchar,mscatcharpy@imageshack.us,Female,32.25.73.241
936,,Caville,,Female,
937,Margarete,Bulbrook,mbulbrookq0@bbb.org,Female,89.63.169.192
,Amery,Geerdts,ageerdtsq1@ning.com,Male,181.166.135.101
939,Lek,Panniers,lpanniersq2@cdbaby.com,,11.165.168.27
940,Lockwood,Mallinder,lmallinderq3@amazon.co.uk,,210.11.222.137
941,Zorine,,zaviesonq4@hud.gov,Female,
942,Elmo,Portinari,eportinariq5@bloomberg.com,Male,128.176.172.28
943,Garv,Farragher,,Male,58.170.198.155
944,Alyse,Archell,aarchellq7@flavors.me,Female,209.249.132.235
945,Estella,Dunston,edunstonq8@rambler.ru,Female,237.48.246.158
946,Chicky,Eitter,ceitterq9@fema.gov,,224.234.166.207
947,Malinde,McQueen,mmcqueenqa@blog.com,Female,97.210.38.116
948,Clifford,Hrachovec,chrachovecqb@meetup.com,,198.89.238.94
949,,Larcher,clarcherqc@utexas.edu,Female,127.26.85.47
950,Cody,Caldeyroux,ccaldeyrouxqd@ehow.com,Female,32.240.157.7
951,Joete,Cleugh,jcleughqe@godaddy.com,Female,160.77.42.162
952,,Loddy,,,
953,Basia,Mecco,bmeccoqg@nifty.com,,
954,Jenni,Condliffe,jcondliffeqh@instagram.com,,61.61.129.191
955,Charity,Mashal,cmashalqi@wordpress.org,Female,
956,Margareta,O'Hollegan,moholleganqj@virginia.edu,Female,235.162.229.160
957,Noemi,McGinly,nmcginlyqk@com.com,,155.109.143.78
958,,Keech,skeechql@theguardian.com,Female,111.31.252.126
959,Fancy,Dalgliesh,fdalglieshqm@gravatar.com,,166.104.109.183
960,Minnie,Branscomb,mbranscombqn@ed.gov,,90.246.60.93
961,Doy,,dhustlerqo@uiuc.edu,,
962,Georgie,Janaszewski,gjanaszewskiqp@illinois.edu,Male,
963,Jae,,,Male,
964,Raleigh,Hamly,rhamlyqr@nps.gov,Male,
965,Arlette,,aponteqs@yandex.ru,Female,191.29.41.19
966,Hildy,Stebbings,hstebbingsqt@google.fr,Female,24.162.99.110
967,Bradney,Crucitti,,,240.249.128.129
968,Luce,Mandell,,Male,
969,Maribelle,Bilbery,mbilberyqw@usnews.com,Female,122.186.226.165
970,Darleen,,daudreyqx@furl.net,,43.56.212.250
971,Norbie,Silkston,nsilkstonqy@csmonitor.com,,249.75.188.202
972,Gabey,Howlings,,Female,
973,Arlana,Baunton,abauntonr0@go.com,Female,215.30.148.167
974,Lazar,Harbottle,,Male,
975,Morgen,Uccello,,Female,143.99.19.26
976,,Shaul,hshaulr3@miitbeian.gov.cn,Female,185.56.142.176
977,Fredric,Osburn,fosburnr4@xrea.com,Male,145.25.121.244
,Blaine,Beynke,,Male,172.235.253.17
979,Antonietta,Underwood,aunderwoodr6@parallels.com,Female,
980,Opaline,Rycraft,,,28.116.149.16
981,Meridel,,mfanningr8@yahoo.co.jp,Female,251.90.176.229
982,Gwendolyn,Garrod,ggarrodr9@hugedomains.com,,35.109.138.29
983,,Kepling,,Male,63.200.133.117
984,Erek,,,Male,17.16.153.200
985,Clarinda,Battye,cbattyerc@reuters.com,Female,
986,Sergio,,sleleurd@odnoklassniki.ru,Male,110.77.167.244
987,Berke,Sheivels,bsheivelsre@webs.com,Male,163.225.110.216
988,,Jentges,gjentgesrf@microsoft.com,Male,95.199.178.165
989,Dulcia,Allcorn,dallcornrg@sciencedaily.com,,
990,Hervey,,hthrelfallrh@google.fr,Male,
991,Mead,Baudic,mbaudicri@house.gov,Female,
992,Zerk,Payfoot,,,208.46.70.90
993,Gustie,Johantges,,Female,169.156.146.69
994,,,kguillardrl@noaa.gov,,48.101.159.32
995,Lurline,Willets,lwilletsrm@europa.eu,Female,224.37.121.84
996,Durand,Harwick,,Male,98.169.96.157
997,Wilmette,Parmley,,Female,251.38.156.218
998,Breena,Brodbin,bbrodbinrp@youku.com,Female,
999,Byrann,Spur,bspurrq@patch.com,Male,
1000,Harlene,,,Female,171.14.44.64
