id,first_name,last_name,email,gender,ip_address
1,Tye,Birdwhistell,tbirdwhistell0@washingtonpost.com,Male,
2,Karoly,Cobson,,Male,
3,Andeee,Sicha,asicha2@shareasale.com,,
4,Eyde,,eblackston3@state.tx.us,Female,10.57.65.54
5,Jobyna,Huddleston,jhuddleston4@istockphoto.com,,189.69.171.20
6,Cristen,Pashler,cpashler5@trellian.com,,127.152.137.2
7,Erich,Ivy,,Male,
8,,Bastow,,Male,98.208.106.31
9,Oliy,Balls,oballs8@amazon.co.jp,Female,14.166.64.193
10,Susanne,Rylett,,,121.205.143.8
11,,Sallnow,,Male,98.2.102.246
12,,Schlagh,cschlaghb@telegraph.co.uk,Female,137.231.55.240
13,Dulcea,,dthornborrowc@csmonitor.com,Female,8.5.14.124
14,Alexi,Charlwood,acharlwoodd@admin.ch,Female,52.229.93.61
15,Crissie,De Domenici,cdedomenicie@aboutads.info,Female,
16,Clarette,Skough,,Female,
17,Dickie,Sillwood,,Male,110.243.44.73
18,Arda,Heaslip,aheasliph@wp.com,Female,84.195.140.61
19,Tabbi,Boler,,Female,49.132.23.195
20,Ron,Toffolini,rtoffolinij@abc.net.au,Male,
,,Fantonetti,rfantonettik@geocities.com,Male,88.200.93.196
22,Michel,Haskins,mhaskinsl@123-reg.co.uk,Female,83.17.161.251
,Ynes,Abyss,yabyssm@mapquest.com,Female,
24,Ike,Mariette,imarietten@baidu.com,Male,0.140.231.131
25,Alfie,,abonnaireo@cargocollective.com,Male,157.110.62.108
26,Torr,Minci,tmincip@europa.eu,Male,
27,,Windybank,bwindybankq@blog.com,Female,130.110.32.144
28,Gretel,Beacroft,gbeacroftr@hatena.ne.jp,Female,107.73.29.95
29,Cammie,Cage,ccages@businessweek.com,,149.209.250.47
30,Mallorie,Pettigree,mpettigreet@vk.com,,
31,Breena,Hargey,,Female,230.247.32.104
32,Pearle,Kinsley,pkinsleyv@nydailynews.com,Female,31.186.33.110
33,Ermin,Dumelow,edumeloww@tamu.edu,,209.254.189.203
34,Beau,,bosheerynex@joomla.org,Male,185.187.195.139
35,Aldric,Frape,afrapey@indiegogo.com,,109.234.196.80
36,Caldwell,Egdale,cegdalez@wix.com,Male,232.72.44.190
37,Kasper,Haydney,khaydney10@loc.gov,Male,97.232.205.139
38,Cristi,Mawford,cmawford11@wp.com,Female,113.145.250.252
39,Khalil,Latour,klatour12@networkadvertising.org,,
40,Teador,McGown,tmcgown13@mit.edu,Male,
41,,Wheildon,,Female,209.103.143.147
42,Anne,Fraine,afraine15@loc.gov,Female,
43,Boniface,Tenniswood,btenniswood16@cam.ac.uk,,142.98.164.12
44,,Pighills,spighills17@shinystat.com,Male,
45,Courtnay,Fandrey,cfandrey18@unicef.org,,50.149.93.136
46,Hollyanne,,hsibbe19@marketwatch.com,Female,
47,,Barthelet,,Female,152.130.48.64
,Maurita,Darnborough,mdarnborough1b@adobe.com,Female,61.11.155.109
49,,Karoly,dkaroly1c@shop-pro.jp,,
50,Clementine,Vondracek,,,172.178.221.118
51,Fanchette,O'Towey,,Female,230.45.210.165
52,Hillary,Tinn,,Male,28.126.111.126
53,Sven,Czajkowski,sczajkowski1g@unc.edu,,
,Mickie,,mbuckerfield1h@house.gov,Male,96.56.49.219
55,Raphael,Broader,rbroader1i@bing.com,Male,31.121.2.172
56,,Trownson,htrownson1j@w3.org,Female,125.210.160.30
57,Pierre,Thomas,,Male,
58,Ephrayim,Wherton,ewherton1l@marketwatch.com,Male,1.91.124.106
59,Jarrid,,,Male,
60,Trstram,Rumbold,trumbold1n@indiatimes.com,Male,175.135.177.174
61,Alex,Songist,asongist1o@xrea.com,Female,
62,Zarla,Whyley,,Female,
63,Stevana,Gettone,sgettone1q@hud.gov,Female,251.103.243.221
,,Heaseman,sheaseman1r@cpanel.net,,28.65.92.109
65,Cecilius,Trood,ctrood1s@ameblo.jp,Male,168.206.4.168
66,Dawna,Klassman,dklassman1t@cbsnews.com,Female,33.127.220.125
67,Marget,Wallett,mwallett1u@arstechnica.com,Female,139.141.98.139
68,Arliene,Clerc,aclerc1v@chronoengine.com,,
69,Burgess,,bskentelbury1w@cornell.edu,Male,
70,Hilliary,Glading,hglading1x@amazon.co.jp,Female,117.66.186.245
71,Wallie,Bigby,wbigby1y@behance.net,Male,
72,Jesse,Work,jwork1z@wunderground.com,Female,100.229.48.63
73,Iorgo,,,,235.120.1.66
74,Lydia,,lhessay21@weibo.com,Female,171.152.59.233
75,Fredrika,Filon,ffilon22@t-online.de,Female,138.128.141.88
76,Cybil,Beernaert,cbeernaert23@mapquest.com,Female,
77,Charo,Bortolini,,,
78,Mathias,Crockatt,mcrockatt25@trellian.com,Male,16.32.90.90
79,Theobald,De Cruz,tdecruz26@bluehost.com,Male,56.79.67.138
80,Aindrea,,,Female,217.152.28.24
81,Hubey,,hjelleman28@sogou.com,Male,224.236.141.68
82,Betta,Pearle,,Female,78.53.113.154
83,Averil,,,Female,178.250.193.145
84,Ainsley,Divine,adivine2b@bizjournals.com,,95.251.122.40
85,Saleem,Sadat,,Male,151.123.150.14
86,Tucky,Feeny,tfeeny2d@wsj.com,,107.85.200.65
87,Kora,Willshire,kwillshire2e@storify.com,Female,
88,Felita,,fbolino2f@google.ru,Female,
,Gelya,Dealy,gdealy2g@tripod.com,Female,161.18.112.101
90,Mallory,Siley,,Male,182.218.50.36
91,Carny,Blaver,,Male,37.130.128.4
,Jacklyn,Peele,jpeele2j@ycombinator.com,Female,124.89.181.196
93,,O'Brogan,bobrogan2k@berkeley.edu,Male,225.77.109.118
94,Diane,Readings,dreadings2l@aboutads.info,Female,
95,Hobart,,hfutter2m@dagondesign.com,Male,178.251.124.165
96,Ninon,Zellner,nzellner2n@discuz.net,Female,224.188.230.147
97,Randee,Goundrill,rgoundrill2o@tamu.edu,Female,29.149.96.155
98,,Beringer,aberinger2p@pagesperso-orange.fr,Male,
99,Maighdiln,Palliser,mpalliser2q@cnn.com,Female,36.72.35.144
100,Sawyere,,skonrad2r@wiley.com,,41.38.253.32
101,Reeva,Shirtliff,,,
102,Joey,,,Male,202.103.56.65
103,,,,,
104,Derward,Grigoriev,dgrigoriev2v@blog.com,,238.235.124.175
105,Charis,Dikes,cdikes2w@ca.gov,Female,200.7.182.155
106,Trev,,,Male,235.218.230.32
107,Dorolisa,Talbot,dtalbot2y@cafepress.com,Female,155.8.89.33
108,Peadar,Pallister,ppallister2z@is.gd,Male,220.248.11.159
109,Madison,Visick,mvisick30@canalblog.com,Male,195.199.238.135
110,Sinclair,Wadham,,Male,152.172.158.112
111,Elisha,,emournian32@netlog.com,Male,
112,Christina,Barlthrop,cbarlthrop33@is.gd,Female,
113,Beverly,Siss,bsiss34@usnews.com,Female,
114,Ade,Pinkstone,apinkstone35@sciencedaily.com,,118.118.52.193
115,Heidi,Becconsall,hbecconsall36@nydailynews.com,Female,234.88.75.24
116,Mona,MacFarlan,mmacfarlan37@home.pl,,238.67.179.59
117,Dari,Farrears,dfarrears38@businessweek.com,Female,
118,Byrom,Braunthal,bbraunthal39@tiny.cc,Male,213.143.151.13
119,Zelma,Mallows,zmallows3a@pinterest.com,Female,104.189.204.251
120,Lloyd,Ryding,lryding3b@people.com.cn,Male,133.136.191.165
121,Giorgia,Belly,,Female,91.9.85.94
122,Duky,,dmateos3d@reverbnation.com,Male,205.74.229.236
123,Greggory,Marchment,,Male,
124,,Mcall,fmcall3f@bluehost.com,Male,155.17.179.241
,Karie,Dymick,kdymick3g@bbb.org,,28.151.162.151
126,,McAline,bmcaline3h@rakuten.co.jp,,84.144.184.173
127,Elinor,,ederrico3i@tiny.cc,Female,
128,Vaughn,McGuggy,vmcguggy3j@reddit.com,,24.194.186.169
129,Merell,Stock,,Male,129.188.81.60
130,Linda,Stagg,lstagg3l@photobucket.com,Female,
131,Jaynell,,,Female,7.66.101.97
132,Georgianna,,glivard3n@zdnet.com,,136.204.161.123
133,Briggs,Leavy,bleavy3o@pagesperso-orange.fr,,130.2.138.214
134,Romeo,Melluish,,Male,176.245.64.12
135,Davida,Pemble,dpemble3q@photobucket.com,Female,120.211.26.192
136,Darby,,dmatson3r@google.com,,148.219.201.176
137,Wolfgang,Farrar,wfarrar3s@desdev.cn,Male,
138,,,aderuggiero3t@posterous.com,Male,98.129.113.125
139,Jeddy,Jennins,jjennins3u@ocn.ne.jp,,23.65.134.87
140,Jsandye,Demare,jdemare3v@aol.com,Female,
141,Paulo,Blazewski,pblazewski3w@hubpages.com,,
142,Darby,Murfett,dmurfett3x@parallels.com,Male,135.149.207.67
143,Adorne,Roke,aroke3y@noaa.gov,Female,183.204.224.180
144,Melamie,McTeggart,mmcteggart3z@phoca.cz,Female,
145,Rutherford,Caulder,,,
146,Philippe,Calverley,pcalverley41@wired.com,Female,
147,Julius,Danskine,,Male,117.188.123.109
148,Ibby,Tunno,itunno43@chicagotribune.com,,104.146.97.189
149,Norman,,nmaruska44@rambler.ru,Male,92.175.238.152
150,,Warboys,,Male,117.246.192.195
151,Nester,Scarrott,nscarrott46@addtoany.com,Male,135.111.188.173
152,Thaine,McCloud,tmccloud47@go.com,Male,67.68.119.110
153,,Gorke,ngorke48@ft.com,Female,
154,Wren,,wbizley49@sohu.com,,42.146.81.192
155,Kore,Robker,krobker4a@mysql.com,Female,79.72.91.210
156,Barton,Croster,bcroster4b@feedburner.com,,84.71.109.117
157,Dolf,,ddugdale4c@goo.gl,Male,166.176.5.95
158,Franciskus,Pleuman,fpleuman4d@dyndns.org,Male,98.150.91.23
159,Nani,,nkocher4e@adobe.com,Female,253.55.161.3
160,Alikee,,,,159.215.123.240
161,,Bradburne,dbradburne4g@free.fr,Female,140.92.80.164
162,Fremont,Cooke,fcooke4h@google.com.au,Male,72.43.113.20
163,,Towsey,stowsey4i@usa.gov,Male,
164,Moore,,mkynastone4j@rambler.ru,Male,
165,Kaine,Lenglet,,,181.103.235.89
166,,Postians,mpostians4l@sohu.com,,192.60.241.190
167,Ingelbert,Stanes,,,
168,Nadine,Bottrell,nbottrell4n@accuweather.com,Female,186.233.170.158
169,Townie,Thwaites,tthwaites4o@icio.us,Male,214.118.4.184
170,Myca,Ormonde,mormonde4p@instagram.com,Male,5.158.9.159
,Modesty,Tolwood,mtolwood4q@infoseek.co.jp,Female,
172,Randolf,Deware,rdeware4r@networksolutions.com,,156.33.32.72
173,Marlon,Frizzell,mfrizzell4s@123-reg.co.uk,Male,82.177.102.183
174,Raddy,Poe,rpoe4t@printfriendly.com,Male,
175,Grete,Monckman,gmonckman4u@ibm.com,Female,247.17.69.212
,Datha,Briston,dbriston4v@yelp.com,Female,75.63.155.176
177,Tybie,Juden,tjuden4w@miitbeian.gov.cn,,234.125.18.141
178,Don,Goranov,dgoranov4x@storify.com,Male,126.2.206.200
179,Roze,Upchurch,,,
180,,,iproffitt4z@google.com.br,Female,
181,Olivette,Rubie,orubie50@constantcontact.com,Female,219.113.187.132
182,Byrom,Ianson,bianson51@goo.ne.jp,Male,244.237.165.221
183,Nat,Rubinivitz,nrubinivitz52@moonfruit.com,,
,,Brayford,gbrayford53@usgs.gov,Female,42.53.121.119
185,Sher,,,,
186,Sib,Boldero,sboldero55@blinklist.com,Female,
187,Ardine,Vasichev,avasichev56@google.ru,Female,207.185.167.64
188,Kial,Scafe,kscafe57@usatoday.com,Female,
189,Valma,McQuaid,,Female,
190,Johnny,Lilywhite,jlilywhite59@salon.com,,64.91.64.159
191,Zed,Stribbling,zstribbling5a@unblog.fr,Male,
192,Lanny,McGuinley,lmcguinley5b@salon.com,Male,
193,Bryon,Werrett,bwerrett5c@google.com.au,Male,159.103.145.186
,Rriocard,Ubsdell,rubsdell5d@addthis.com,Male,
195,Amandy,Snookes,,Female,
196,Hughie,Juliff,hjuliff5f@hugedomains.com,Male,223.185.95.216
197,,Belfrage,ybelfrage5g@zimbio.com,,73.190.92.180
198,Valenka,Ivanyushkin,vivanyushkin5h@goo.ne.jp,Female,183.173.190.202
199,Hildagarde,,hhegge5i@amazon.co.uk,Female,146.129.236.160
200,Fae,Jowsey,fjowsey5j@google.nl,,129.151.239.141
201,Cammie,Joriot,cjoriot5k@hud.gov,Female,120.96.194.186
202,Rafe,Kelling,rkelling5l@youku.com,Male,4.225.226.172
203,Morrie,,mshearmer5m@qq.com,Male,161.232.159.248
204,Eleonora,Labbez,elabbez5n@addtoany.com,Female,148.12.77.13
205,Lazaro,Ansill,,,
206,Filia,Hearnes,fhearnes5p@theglobeandmail.com,,
,Artair,Sames,asames5q@xrea.com,Male,213.165.240.105
208,Chucho,Garrould,cgarrould5r@marriott.com,Male,
209,Effie,Mackinder,,Female,
210,Fletcher,Skaif,fskaif5t@desdev.cn,Male,
211,Cleopatra,Fraulo,,Female,117.78.118.32
212,Darsie,Skarman,dskarman5v@topsy.com,Female,59.39.248.142
213,Davey,Patsall,dpatsall5w@tinypic.com,Male,6.32.6.249
214,Alicea,Rohlf,arohlf5x@goo.gl,Female,235.75.113.118
215,Audry,Ommanney,,Female,
216,Julius,Salleir,jsalleir5z@google.com.hk,Male,
217,Waylen,Manach,,Male,
218,Cesar,Kensington,ckensington61@yellowpages.com,Male,181.80.84.206
219,Darlene,,dcommings62@accuweather.com,Female,191.93.21.223
220,Cece,Bagott,,Male,61.43.194.224
221,Svend,Tipton,,,
222,Persis,Williams,pwilliams65@trellian.com,Female,
223,Genovera,O'Tierney,gotierney66@mapy.cz,Female,31.79.191.77
224,Gayle,Lathaye,glathaye67@drupal.org,,210.2.246.146
225,Regen,,rshercliff68@yellowpages.com,Male,
226,Kristen,,,,250.165.34.234
227,,McDarmid,,Female,253.21.198.211
228,Jessy,Mayall,jmayall6b@usgs.gov,Female,
229,Sophronia,Sharpling,ssharpling6c@ebay.co.uk,,16.245.193.42
230,Alanah,Danser,adanser6d@sogou.com,Female,123.28.42.89
231,Timotheus,Haglinton,thaglinton6e@nba.com,Male,109.193.102.182
232,Shaine,Heskins,sheskins6f@china.com.cn,Female,
233,Bonni,,bmcmeeking6g@symantec.com,Female,145.162.186.229
234,Catlee,Enrrico,cenrrico6h@columbia.edu,Female,185.92.106.44
235,Bobbie,Joan,,Male,99.239.98.193
236,,Biffen,mbiffen6j@w3.org,,147.109.45.43
237,Beverly,,,Female,
238,Hercules,,,Male,251.127.149.181
239,Kilian,,kvears6m@list-manage.com,Male,
240,,Treble,streble6n@bloglines.com,Female,107.101.45.76
241,Malanie,Hamberstone,,,15.33.7.148
242,Garrik,Sudlow,gsudlow6p@cisco.com,Male,
243,Guenna,,,Female,
244,Robinet,Zannotelli,,Male,78.0.83.208
245,Fawnia,Common,fcommon6s@livejournal.com,,206.124.51.195
246,Genia,Warsap,,Female,161.124.110.136
247,,MacMenamin,gmacmenamin6u@bloglines.com,Female,108.149.166.3
248,Claybourne,Clayworth,cclayworth6v@ezinearticles.com,Male,
249,Englebert,Panter,,,49.84.110.233
250,Happy,Frazier,hfrazier6x@dailymotion.com,Female,
251,Ethan,Daveridge,edaveridge6y@artisteer.com,Male,42.10.100.75
252,Latashia,Peggram,lpeggram6z@themeforest.net,Female,244.195.47.123
253,,Boxe,dboxe70@weibo.com,Male,
254,Randi,Rishworth,rrishworth71@instagram.com,Female,
255,,Steinhammer,osteinhammer72@slate.com,Female,54.217.25.126
256,Teodoro,Mayzes,tmayzes73@virginia.edu,,
257,Hugh,Crankshaw,hcrankshaw74@stanford.edu,Male,
258,Mellisa,Bardell,,Female,191.190.107.248
259,Franklin,Diaper,,,187.252.8.170
260,Maegan,,mmiddlemiss77@gov.uk,Female,243.200.50.34
261,Terri,,tplumer78@blinklist.com,Female,93.98.171.49
262,Omero,Sharp,osharp79@51.la,,
263,Esta,,epistol7a@domainmarket.com,Female,31.1.203.218
264,Christophorus,Maywood,,Male,
265,Chaim,Piscot,cpiscot7c@virginia.edu,Male,22.47.225.45
266,Loy,Donegan,ldonegan7d@yellowpages.com,Male,
267,Grover,Kimmel,gkimmel7e@phpbb.com,Male,235.8.127.128
268,Nolana,Pleavin,npleavin7f@harvard.edu,Female,6.1.199.158
269,Kendricks,Klousner,kklousner7g@intel.com,Male,41.175.125.10
,Mureil,Biagi,mbiagi7h@webnode.com,Female,160.46.98.89
271,Zachariah,,zseiler7i@cloudflare.com,Male,244.186.173.5
272,Maribel,Helleckas,mhelleckas7j@independent.co.uk,,
273,Daniel,Biss,dbiss7k@istockphoto.com,Male,210.55.52.13
274,Zeb,Nowak,,,180.50.238.76
275,,Mewha,fmewha7m@ca.gov,Male,2.23.232.59
276,Fallon,Wakeham,fwakeham7n@ebay.co.uk,Female,235.35.237.74
277,Prisca,Brimmacombe,pbrimmacombe7o@1und1.de,Female,
278,Bee,Tomlinson,,Female,241.64.72.187
279,Abbe,Meys,,,
280,Neville,Greenset,ngreenset7r@vimeo.com,Male,230.110.181.28
281,Aurie,,amcomish7s@jimdo.com,,112.53.189.125
282,Midge,Keneford,mkeneford7t@timesonline.co.uk,Female,184.61.32.55
283,Gloriana,Birdfield,gbirdfield7u@buzzfeed.com,,70.21.5.159
,Nicko,Davidovicz,ndavidovicz7v@cafepress.com,Male,24.115.166.88
285,Debi,Silcox,dsilcox7w@blogger.com,Female,
286,Gracie,Mowsdill,gmowsdill7x@unc.edu,Female,
287,Peyter,Carnachen,pcarnachen7y@uol.com.br,Male,102.231.100.213
288,Kristina,Henrion,khenrion7z@last.fm,Female,174.214.226.34
289,Coretta,Houten,chouten80@japanpost.jp,Female,
290,Bryant,Aspland,,,83.135.99.204
291,Crin,Jurgensen,cjurgensen82@hubpages.com,Female,
292,Myra,Rauprich,mrauprich83@reverbnation.com,Female,193.184.10.75
293,,Glass,nglass84@zdnet.com,Female,
294,Killy,,kshimmans85@skype.com,Male,45.41.230.49
,Reinald,Verner,rverner86@alibaba.com,Male,122.13.255.205
296,,Tremmil,,Female,221.129.39.101
297,Robinette,Haskell,rhaskell88@homestead.com,Female,111.209.55.155
298,Dasie,Taffley,dtaffley89@epa.gov,,
299,Gabbie,Inwood,ginwood8a@virginia.edu,Female,174.244.58.169
300,Marcellina,Saywell,msaywell8b@weather.com,Female,13.169.241.123
301,,,lblakiston8c@linkedin.com,,108.109.20.195
302,Laryssa,Leman,lleman8d@unicef.org,Female,
303,Odo,Mullins,,Male,25.202.59.16
304,Korie,Knapp,,Female,
305,Elberta,Aronow,,Female,
306,Winfred,,wfellows8h@cyberchimps.com,Male,36.168.177.55
307,Bern,Grayley,bgrayley8i@dagondesign.com,Male,40.201.245.113
308,Flynn,Goring,fgoring8j@zimbio.com,Male,
309,,While,,,
310,Antin,,,,227.52.66.123
311,Olenolin,,obreeze8m@whitehouse.gov,Male,
312,Lizette,Lanchberry,llanchberry8n@chron.com,Female,
313,Karalee,Moroney,kmoroney8o@oracle.com,Female,9.28.251.197
314,Garth,Wincott,,,
315,Fraze,,,Male,127.54.241.107
316,Andrej,O'Hern,aohern8r@multiply.com,,
317,Jeromy,Gossipin,,,138.210.126.67
318,Debee,Wooding,dwooding8t@squarespace.com,Female,226.70.223.36
319,Ynes,Hearon,,,247.143.155.80
320,Beaufort,Gilder,bgilder8v@cargocollective.com,,183.255.174.141
321,Goran,Burbank,gburbank8w@google.pl,Male,188.41.187.160
322,Gwen,Swiffan,gswiffan8x@loc.gov,Female,
323,Perceval,Kermath,pkermath8y@chronoengine.com,,144.112.93.236
324,Joanne,Dechelette,,Female,214.164.180.193
325,Demetri,Snell,dsnell90@mysql.com,Male,117.57.221.18
326,Miller,Oldam,,,219.176.140.88
327,,Tunniclisse,ctunniclisse92@mtv.com,Female,
328,Farrah,Weine,fweine93@indiegogo.com,Female,242.246.243.190
329,Manny,Jonke,,Male,143.38.161.192
330,Evelyn,Geggus,egeggus95@imageshack.us,,156.123.193.73
331,Micki,Jelleman,mjelleman96@columbia.edu,Female,71.251.34.9
332,Babb,Atteridge,batteridge97@wiley.com,Female,
333,Aleen,Paxeford,,Female,
334,,,gkirwood99@amazonaws.com,,91.182.144.105
335,,,fmeikle9a@tinyurl.com,,
,Harald,Jillings,hjillings9b@t-online.de,Male,
337,Dion,Rahlof,,Female,72.15.42.55
338,Damon,Gillyett,dgillyett9d@freewebs.com,Male,
339,Robina,Kettel,rkettel9e@nih.gov,Female,168.216.60.254
340,Baudoin,Farncombe,,Male,
341,Nickie,Diviney,ndiviney9g@mozilla.com,Male,
342,Don,Jarrold,,Male,19.226.247.225
343,Valentijn,,,Male,190.79.160.151
344,Barry,Hammell,,Male,39.116.25.133
345,Vincenty,Swidenbank,,Male,43.214.255.101
346,Jakie,,jallpress9l@latimes.com,Male,183.59.110.226
347,Arel,Pennings,apennings9m@mapy.cz,Male,214.115.222.7
348,Kipp,Lukas,klukas9n@example.com,Female,38.29.64.124
349,Petra,Robers,probers9o@live.com,Female,
350,Sam,Gerred,sgerred9p@naver.com,Male,191.232.91.53
351,Luce,,llillico9q@stumbleupon.com,Male,137.112.173.85
352,Bob,Leamon,bleamon9r@patch.com,Male,186.219.200.22
353,,,dwinterbottom9s@cbsnews.com,Male,78.226.220.159
354,Gayle,Fynn,gfynn9t@com.com,Male,
355,Aime,Glason,aglason9u@liveinternet.ru,,55.116.176.16
356,Manny,Sutterfield,msutterfield9v@arstechnica.com,Male,
357,,Anstee,,Male,
358,August,Sancraft,asancraft9x@blogger.com,Male,151.248.62.168
359,Donnie,Conachy,dconachy9y@creativecommons.org,Male,239.104.78.209
360,Lula,,lfarrow9z@sogou.com,Female,35.102.33.185
361,Valentine,Eddowes,veddowesa0@networkadvertising.org,Female,101.101.1.61
362,Janeta,Letson,jletsona1@stumbleupon.com,Female,
363,Curtis,Dillingham,cdillinghama2@typepad.com,,
364,Raquela,Hallut,,Female,
365,,Boodle,bboodlea4@wunderground.com,Female,
366,Llywellyn,Hewkin,,,116.168.198.91
367,Randy,,rgraesera6@sitemeter.com,Male,141.125.181.206
368,Meredeth,Shelmardine,mshelmardinea7@github.io,Male,112.167.165.139
369,Andonis,,abrickella8@marketwatch.com,Male,235.105.241.250
370,Tarah,,tfoarda9@apache.org,Female,
371,Carmine,Ferroli,cferroliaa@whitehouse.gov,Male,205.76.7.241
372,Cherish,Silk,csilkab@yale.edu,,
373,Eveleen,Margrett,,Female,20.212.32.228
374,Avrom,Derle,aderlead@gmpg.org,Male,98.194.254.94
375,Cecily,Komorowski,ckomorowskiae@exblog.jp,Female,207.201.147.24
376,Florina,Preto,,,
377,Rem,Pedro,rpedroag@mediafire.com,Male,245.80.54.45
378,Winifred,Tocque,wtocqueah@noaa.gov,Female,226.75.213.132
,Clarke,Navaro,cnavaroai@hp.com,Male,233.14.26.65
380,Joli,Buggs,jbuggsaj@about.me,Female,63.124.48.216
381,Leta,Cobley,lcobleyak@feedburner.com,,117.167.19.204
382,Celestyna,Howsin,,Female,87.253.39.106
383,Ase,,aferranam@edublogs.org,Male,
384,Daryl,McCart,dmccartan@ebay.com,Male,186.143.206.58
,Jillie,Makiver,,,156.192.217.177
386,Zachery,Chastan,zchastanap@nifty.com,,182.95.15.40
387,Adrien,Riddett,ariddettaq@addthis.com,,
388,Selig,O'Grogane,sogroganear@paypal.com,Male,124.33.112.40
389,Glenn,Strapp,,Male,231.248.109.155
390,,Heffernan,,Female,92.219.173.222
391,,Quarton,,Male,13.133.128.167
392,,,agoveyav@squarespace.com,,239.59.37.207
393,Wini,Jaslem,,Female,42.1.39.161
394,Gisela,McKelloch,gmckellochax@thetimes.co.uk,Female,152.239.109.201
395,,,ldaensay@vk.com,Male,
396,,Ortner,rortneraz@51.la,Male,120.27.254.150
397,Aili,Raiment,araimentb0@sitemeter.com,Female,
398,Osmund,Boosey,,,70.56.181.252
399,Roselia,Edwicke,,,180.1.142.52
400,Murielle,O'Nowlan,monowlanb3@w3.org,,170.103.94.99
401,Marieann,,mfantonettib4@ed.gov,Female,
402,Garrett,Licence,glicenceb5@vimeo.com,Male,
403,Zola,,,,51.113.42.114
404,Selina,Klimek,sklimekb7@globo.com,Female,182.194.137.193
405,Simonne,Alyukin,salyukinb8@sbwire.com,Female,228.29.23.172
406,Joni,Messruther,jmessrutherb9@bizjournals.com,Female,203.36.197.140
407,Miguelita,Van der Brug,mvanderbrugba@cnn.com,Female,121.80.44.225
408,Urbain,Bramwich,ubramwichbb@mlb.com,Male,203.26.7.169
409,Augusto,Metrick,,Male,3.108.179.3
410,Daryle,Livermore,dlivermorebd@virginia.edu,,133.98.147.200
411,Celeste,McArthur,cmcarthurbe@spotify.com,Female,96.234.160.222
412,,Addekin,eaddekinbf@usa.gov,,
413,Vinny,Rydings,vrydingsbg@latimes.com,,51.75.101.190
414,Cullen,Holyland,,Male,169.74.60.97
415,Enrichetta,Lammert,,,222.118.233.136
416,Natale,Perrin,,Male,247.140.205.232
417,Lothaire,Bordis,lbordisbk@prnewswire.com,,
418,Prinz,Cramp,pcrampbl@webnode.com,Male,245.130.253.251
419,Rurik,Trimnell,rtrimnellbm@friendfeed.com,Male,244.98.199.171
,Reinold,Flaubert,rflaubertbn@cbc.ca,Male,91.157.250.254
421,Matias,,mbienvenubo@digg.com,Male,
422,Feodora,Bourtoumieux,,Female,76.253.199.56
423,,Grastye,jgrastyebq@mysql.com,,100.59.141.172
424,Eddie,Havock,ehavockbr@domainmarket.com,Female,59.91.15.13
425,Crichton,Tattersill,,Male,
426,Myron,Pickworth,mpickworthbt@china.com.cn,Male,199.18.223.244
427,,Desson,rdessonbu@nbcnews.com,Male,
428,Cazzie,Nussgen,cnussgenbv@chicagotribune.com,Male,
429,Felipa,Fader,ffaderbw@deliciousdays.com,Female,117.102.146.81
,Jana,,jreddanbx@wikipedia.org,,151.24.127.88
431,,Doxsey,bdoxseyby@infoseek.co.jp,Female,85.168.176.183
432,Lorettalorna,Baszniak,lbaszniakbz@arstechnica.com,,
,Lorrayne,,ljaggardc0@github.com,Female,104.60.114.165
434,Hillery,Causer,,Male,7.115.0.14
435,Jillane,Henriet,,Female,118.171.158.249
436,Clem,Yelyashev,cyelyashevc3@usgs.gov,,68.210.115.245
437,Sammie,Sharpe,,Male,49.229.99.182
438,Dirk,Vickar,dvickarc5@skype.com,Male,126.179.158.124
439,Merry,Booler,mboolerc6@tripod.com,Male,91.57.133.135
440,Nat,Hortop,nhortopc7@rakuten.co.jp,Male,
441,Tannie,Coudray,,Male,197.110.137.106
442,Callie,Longstreet,clongstreetc9@posterous.com,Female,151.21.3.55
443,,Dod,gdodca@t-online.de,Female,196.187.150.68
444,Rici,Rollinson,rrollinsoncb@miibeian.gov.cn,Female,137.33.156.174
445,Tomas,Sheldon,tsheldoncc@wired.com,Male,134.167.104.128
446,Cornie,Tolworth,ctolworthcd@oracle.com,Male,149.87.94.33
447,Kania,Whiting,kwhitingce@goodreads.com,Female,
448,Delmar,Masdin,,,65.44.133.93
449,Tiffanie,Reidshaw,,,161.112.219.30
450,Rafa,Mangam,rmangamch@barnesandnoble.com,,251.84.59.44
451,Bertie,Suddards,bsuddardsci@bbb.org,Female,
452,,Gillean,,,101.40.83.106
453,Willa,Winckles,,Female,49.168.209.26
454,Seline,Hallbird,shallbirdcl@smugmug.com,,91.161.193.48
455,Nadya,,nhamptoncm@mozilla.com,,124.206.154.247
456,Illa,Chinery,ichinerycn@cdc.gov,,
,,Mulvey,ymulveyco@alibaba.com,Female,
458,Ozzy,,ofeaveercp@tmall.com,Male,
459,Fancy,Scherme,fschermecq@comsenz.com,Female,
460,Westley,,wendrizzicr@nbcnews.com,Male,32.15.83.141
461,Onofredo,,obartropcs@icq.com,Male,62.128.15.24
462,Jammie,Antonazzi,jantonazzict@thetimes.co.uk,,255.45.224.216
463,Lavina,Jiroutka,ljiroutkacu@google.it,Female,
464,Marylee,Nuss,mnusscv@imageshack.us,Female,74.141.11.29
465,Lonna,Ralton,lraltoncw@cargocollective.com,Female,
466,Rosita,,rogreadycx@studiopress.com,Female,
467,Kerwin,Mattaser,,Male,
468,Ronda,Cahill,rcahillcz@furl.net,Female,64.111.170.153
469,Ashil,Crosoer,,Female,174.58.148.0
470,Camella,Kewley,ckewleyd1@aboutads.info,Female,
471,Alasdair,Berney,aberneyd2@nationalgeographic.com,Male,148.136.241.255
472,Thorin,Aldersey,talderseyd3@topsy.com,Male,75.164.106.65
473,Prescott,Hobgen,,Male,
474,,Wanstall,iwanstalld5@netscape.com,Female,
475,Chelsie,De Normanville,cdenormanvilled6@oakley.com,Female,13.44.163.12
476,Clem,Dawber,,,198.156.182.35
477,Fred,,fhuwsd8@google.fr,Male,98.177.22.165
478,,Sphinxe,rsphinxed9@apache.org,Female,
479,Bennie,Rigney,brigneyda@dot.gov,Male,
480,Brinna,Kennet,bkennetdb@fotki.com,Female,97.132.143.98
481,Tessi,Gailor,tgailordc@telegraph.co.uk,,240.69.67.219
482,Gibby,Starmore,gstarmoredd@tinypic.com,Male,100.218.64.136
483,Madge,Daughtrey,mdaughtreyde@liveinternet.ru,Female,192.204.14.2
484,Laurice,Hanks,lhanksdf@networksolutions.com,,
485,Jeannine,Capps,jcappsdg@linkedin.com,Female,
486,Helga,Barrott,hbarrottdh@nba.com,,207.45.147.133
487,Kerby,,kgristockdi@netvibes.com,Male,84.197.90.23
488,,,ekornalikdj@home.pl,Male,
489,Clevie,Verlinden,cverlindendk@businessinsider.com,,110.127.121.88
490,Marybeth,L'Hommeau,,,246.44.14.75
491,Randall,Scamadine,,,16.36.45.129
492,,Leeb,,Female,194.177.16.210
493,Romonda,,rchisnelldo@imgur.com,Female,68.58.44.84
494,Olimpia,Fforde,offordedp@hibu.com,Female,142.105.167.101
495,,Chritchley,tchritchleydq@mtv.com,,158.231.30.181
496,Vitia,Cowins,vcowinsdr@si.edu,,87.114.73.241
497,Garrott,Egarr,gegarrds@drupal.org,Male,61.158.178.114
498,Noll,Trewin,,Male,38.3.47.82
499,Chloe,Skelton,,Female,189.190.101.174
500,Romy,Ormerod,rormeroddv@boston.com,,107.198.161.219
501,Avrom,Dinsey,adinseydw@newsvine.com,Male,
502,Edmon,Egdal,eegdaldx@multiply.com,Male,35.73.178.117
503,Audrye,Heaton,aheatondy@globo.com,,52.180.66.198
,Elliott,Ollett,eollettdz@oracle.com,Male,30.104.92.152
505,Doralin,Ceeley,,Female,96.216.244.206
506,Ellery,Radcliffe,eradcliffee1@usda.gov,,169.23.68.180
507,Abey,Deathridge,adeathridgee2@google.com.hk,Male,178.17.183.168
508,Belia,Lathy,,,190.127.8.127
509,,,jhadwicke4@odnoklassniki.ru,,26.64.233.237
510,,,,Male,99.161.72.9
511,Faber,Akehurst,fakehurste6@ihg.com,Male,234.139.202.71
512,Lizabeth,Walshe,lwalshee7@studiopress.com,,211.155.21.93
513,Netti,Melloi,nmelloie8@tumblr.com,Female,203.164.213.133
514,Trudy,Lovatt,tlovatte9@hexun.com,Female,
515,,Lewer,,Male,105.37.186.71
516,Horatia,Piscopello,hpiscopelloeb@ifeng.com,Female,57.185.223.107
517,Onfre,,odavieec@mysql.com,Male,245.95.133.37
518,Jimmie,Wilding,jwildinged@scribd.com,Male,212.103.177.242
519,Cory,Waberer,,Male,
520,Jarad,Cherry Holme,jcherryholmeef@google.nl,,48.88.196.32
521,Verge,Courtes,vcourteseg@google.it,Male,
522,Adel,McNeil,amcneileh@boston.com,Female,124.172.178.50
523,Ajay,Vallis,,Female,234.221.194.201
524,Celka,Hartwright,chartwrightej@cisco.com,,253.146.179.215
525,Quill,Pargeter,qpargeterek@tinypic.com,Male,
526,Jackelyn,Alcott,jalcottel@blogspot.com,,
527,Dannie,Brobeck,,Male,208.135.11.160
528,Ginevra,Dewer,,Female,67.212.151.125
529,Joice,Chadburn,jchadburneo@europa.eu,,
530,Garald,Upstone,gupstoneep@nhs.uk,Male,171.10.143.158
,Ron,Heare,rheareeq@sphinn.com,Male,53.83.206.42
532,Catherine,Dobbyn,,Female,30.215.208.2
533,Joseph,Rann,jrannes@webeden.co.uk,Male,242.173.177.90
534,Cyndi,Orr,corret@cbc.ca,,180.136.143.113
535,Rena,,rfarreyeu@wix.com,Female,199.234.234.230
536,Saba,Redier,,Female,137.105.66.106
537,Crissy,Herculeson,cherculesonew@spiegel.de,Female,
538,Arney,Klampk,aklampkex@google.ru,Male,182.120.11.205
539,Phillipe,,ppennoneey@forbes.com,Male,5.255.114.151
540,Aurilia,Peasgood,,,
541,,Theunissen,rtheunissenf0@ustream.tv,Female,79.1.245.103
542,Eliot,,ecardusf1@accuweather.com,Male,179.240.104.198
543,Calla,Kupker,ckupkerf2@dailymotion.com,,71.223.62.53
544,Muriel,Eccleshare,mecclesharef3@usgs.gov,Female,225.165.222.39
545,Mort,,,Male,216.89.18.232
546,Woodie,McGurn,,Male,127.140.72.108
547,Whittaker,Tegeller,wtegellerf6@skyrock.com,Male,125.96.100.95
548,Deidre,,,Female,
549,Bonny,Wyatt,bwyattf8@imgur.com,,11.173.220.143
550,Kaela,Pinkney,,Female,
551,Johann,,jmaudlingfa@moonfruit.com,,
552,Pieter,Boatswain,pboatswainfb@example.com,,211.25.233.39
553,Clarette,Bourner,cbournerfc@google.de,Female,98.31.205.196
554,,Pidgin,jpidginfd@t.co,Male,199.83.59.136
555,Sonnie,Dugdale,sdugdalefe@ebay.co.uk,Male,
556,,Rallinshaw,rrallinshawff@domainmarket.com,,
557,Consolata,Harbin,charbinfg@hao123.com,Female,176.10.170.131
558,Catlaina,,cduckerfh@yelp.com,Female,229.80.116.109
,Madlen,Olver,molverfi@usnews.com,,244.19.242.35
560,Myrtice,Meneo,mmeneofj@opera.com,Female,
561,Lloyd,Fitzharris,lfitzharrisfk@oracle.com,Male,
,Boigie,Burge,bburgefl@ca.gov,Male,
563,Galina,Meeking,gmeekingfm@cornell.edu,,98.96.196.142
564,Hew,Denisevich,hdenisevichfn@usnews.com,,85.103.50.17
565,Jessie,Ferrini,jferrinifo@rakuten.co.jp,,143.128.211.28
566,Humberto,Buzin,hbuzinfp@dedecms.com,Male,254.157.219.36
567,Danyelle,Brodway,dbrodwayfq@drupal.org,Female,176.40.173.236
568,Perry,Shawcroft,pshawcroftfr@spotify.com,Female,
,Hendrika,Powys,,Female,187.11.152.27
570,Amberly,Fincken,afinckenft@amazon.co.jp,Female,231.199.20.67
571,Alli,Carvilla,acarvillafu@pbs.org,Female,39.166.201.229
572,Kessiah,Madelin,kmadelinfv@nps.gov,Female,
573,Vanni,Rogger,vroggerfw@mit.edu,Female,244.124.17.215
574,Karl,Lavarack,klavarackfx@example.com,Male,
575,Thebault,,tjakoubekfy@weebly.com,,
576,Kettie,Bodle,kbodlefz@columbia.edu,Female,
,Marita,Griniov,mgriniovg0@imageshack.us,Female,197.50.101.35
578,,Zelland,ezellandg1@walmart.com,Male,13.48.122.201
579,Fanchon,Bemrose,,,
580,Udall,,uingarfieldg3@wunderground.com,Male,248.233.34.9
581,Camile,Daftor,cdaftorg4@blogspot.com,,202.177.221.31
582,Allister,,arustadgeg5@loc.gov,Male,192.95.141.4
583,Ami,Bosence,abosenceg6@sfgate.com,,19.82.212.135
584,Mervin,Jedrysik,mjedrysikg7@telegraph.co.uk,Male,62.103.76.182
585,Marisa,McDougall,mmcdougallg8@mayoclinic.com,Female,
586,Heloise,Blanc,hblancg9@ucla.edu,Female,163.230.35.133
,Morgan,,,,192.206.255.12
588,,Jahns,,,205.69.197.150
589,Moshe,,msackesgc@last.fm,Male,149.31.30.4
590,Caralie,Reubel,creubelgd@marriott.com,,126.212.34.253
591,Dell,Hansbury,dhansburyge@ow.ly,Male,
592,Cherie,Petracchi,cpetracchigf@hhs.gov,Female,31.197.230.39
593,Stefania,Dinesen,sdinesengg@youtube.com,,4.239.151.116
594,,Kerkham,,Female,
595,Antonino,,ahackeltongi@e-recht24.de,Male,251.234.167.228
596,Mackenzie,Evamy,mevamygj@pinterest.com,Male,95.30.157.238
597,Erastus,Higford,ehigfordgk@cpanel.net,Male,45.13.79.180
598,Fredia,Byles,fbylesgl@gravatar.com,,
599,Byrom,Agus,,Male,
600,Violette,Mannix,vmannixgn@a8.net,Female,
601,Torin,Mouse,tmousego@archive.org,Male,234.33.130.45
602,Salim,,sivanchingp@cbc.ca,Male,217.99.28.97
603,,Ghelardoni,eghelardonigq@360.cn,Male,200.60.180.78
604,Marcia,Bonifacio,,Female,141.20.141.47
605,Vonni,Jimpson,vjimpsongs@lycos.com,Female,
606,Anabel,,ajoinergt@amazon.co.uk,Female,135.192.148.55
607,Merry,Argont,margontgu@usatoday.com,Male,
608,Kinsley,Janu,kjanugv@opensource.org,,198.214.99.214
609,,Rabjohns,trabjohnsgw@webmd.com,,69.24.59.213
610,,Meeny,smeenygx@dyndns.org,,22.34.151.71
611,Darbee,Stains,dstainsgy@cloudflare.com,,112.104.184.227
612,Thadeus,Hubbis,thubbisgz@nifty.com,Male,
613,Madge,,mreddyhoffh0@businessweek.com,,250.27.232.43
614,Sebastien,Thring,,Male,85.21.54.112
615,Murielle,McCurtain,,Female,88.191.122.196
616,Inez,Astman,iastmanh3@alexa.com,Female,
617,Tomkin,Robshaw,,Male,
618,Ruddy,Barney,rbarneyh5@gnu.org,,197.149.36.5
619,,Rahl,,Female,12.215.20.120
620,Marijo,Feasley,,Female,89.190.188.203
621,Aili,Mumberson,amumbersonh8@photobucket.com,Female,
622,Carly,Ryan,,Female,
623,Feodor,Banthorpe,fbanthorpeha@msu.edu,Male,143.55.76.96
624,Lorette,Josephson,,Female,207.95.88.153
625,Willard,Bliben,wblibenhc@foxnews.com,Male,244.194.41.151
626,Corbie,Vickar,cvickarhd@sciencedirect.com,Male,198.128.21.230
627,Talyah,Abbatucci,tabbatuccihe@biblegateway.com,Female,203.73.46.197
628,Vasily,Harvard,vharvardhf@forbes.com,Male,
629,,Rex,drexhg@icio.us,,87.99.218.17
630,Hurley,,htuppenyhh@t-online.de,Male,
631,Fernandina,Grievson,,,253.21.90.12
,Judas,,jusherwoodhj@newyorker.com,Male,
633,Ximenes,Ilyinykh,xilyinykhhk@google.fr,Male,142.48.131.57
634,Elianora,Sellen,,,197.254.140.83
,Anna,Twelvetrees,atwelvetreeshm@java.com,,254.146.132.49
636,Stanfield,,sfarmiloehn@com.com,Male,168.130.216.180
637,Byrle,Klainman,,Male,166.241.143.108
638,,Rieflin,,Female,105.181.194.128
,Ethelyn,Parsons,eparsonshq@kickstarter.com,Female,117.138.208.33
640,Frederik,Dewerson,,,8.5.206.16
641,Bette,Garlick,bgarlickhs@zimbio.com,Female,
642,Timmy,,tcreeht@java.com,,34.164.27.39
643,Michaeline,Bowmaker,mbowmakerhu@wikimedia.org,,
644,Rebecca,Salsbury,rsalsburyhv@webs.com,Female,
645,Allianora,Laughtisse,,Female,
646,Shem,Cordelet,,Male,
647,Corabel,Walasik,cwalasikhy@blog.com,,
648,Kleon,Outibridge,koutibridgehz@flickr.com,Male,138.75.219.174
649,Gerhardt,Broadstock,,Male,155.97.92.231
650,Maurine,,mboolei1@canalblog.com,,216.32.116.131
,Conway,Boullin,cboullini2@smh.com.au,,95.14.164.53
652,Katina,Leaves,kleavesi3@cmu.edu,,
653,Suzy,Cavan,scavani4@mail.ru,,6.142.119.243
654,Brita,Andrejs,bandrejsi5@example.com,Female,
655,Rachelle,Ortiga,rortigai6@multiply.com,Female,29.195.15.134
656,Alleen,Slocombe,aslocombei7@imgur.com,Female,118.44.74.218
657,Herculie,Oblein,hobleini8@china.com.cn,Male,52.144.12.93
658,Cherrita,Gynni,cgynnii9@telegraph.co.uk,Female,122.100.107.4
659,Jolie,Brandolini,jbrandoliniia@yahoo.co.jp,Female,
660,Brianne,Heathcoat,bheathcoatib@stanford.edu,,247.187.134.158
661,Eldon,Simnett,esimnettic@google.com.au,Male,115.196.4.105
662,Shaun,Koop,skoopid@ask.com,,221.193.223.15
663,Danielle,Revance,,Female,132.217.63.145
664,Lesley,,ltrudgeonif@furl.net,Female,146.124.137.143
665,Wallie,Cauldwell,wcauldwellig@cornell.edu,Male,
666,Erminia,Fairbrace,,Female,156.211.162.193
667,Carry,Stranahan,cstranahanii@huffingtonpost.com,Female,46.159.200.235
668,Nickolaus,Arias,nariasij@furl.net,Male,152.148.68.203
669,Stuart,Bleackley,sbleackleyik@wufoo.com,,
670,,Bloxsome,,Male,13.38.244.50
671,Ichabod,Giles,igilesim@unicef.org,Male,199.140.203.84
672,Daryle,Linscott,dlinscottin@dagondesign.com,,11.70.96.251
673,Gardiner,,gwhittleio@usa.gov,Male,250.178.81.107
674,Maximilianus,,mfumagalloip@nsw.gov.au,Male,14.197.22.207
675,Sky,,scasliniq@deliciousdays.com,,95.88.231.159
676,,Vedmore,hvedmoreir@oakley.com,Female,144.106.12.70
677,,,amaccaffertyis@state.gov,Male,217.26.202.12
678,Trev,,,Male,90.0.140.57
679,Brent,Hoggins,bhogginsiu@irs.gov,,41.124.231.160
680,Lorelle,Musterd,lmusterdiv@quantcast.com,Female,152.211.147.69
681,,Bellerby,lbellerbyiw@stanford.edu,Male,117.229.1.32
682,Tadd,Naptine,,Male,111.191.39.73
683,,Dainter,,Female,
684,,Grenshields,mgrenshieldsiz@reddit.com,Female,191.1.76.149
685,Wright,Margram,wmargramj0@smugmug.com,Male,15.153.9.223
686,Katrina,Sleaford,ksleafordj1@github.com,Female,97.199.177.226
687,Theo,,tazamj2@flickr.com,Male,8.211.218.91
688,Klarika,Butcher,kbutcherj3@multiply.com,Female,64.29.195.195
689,Maxine,,mkisbyj4@yellowpages.com,Female,27.163.153.13
,Rodrigo,Channon,rchannonj5@google.com,,116.50.239.131
691,Annabal,Niset,anisetj6@over-blog.com,,33.158.165.127
692,Lawton,Pinckstone,lpinckstonej7@amazon.de,Male,21.38.222.232
693,Jecho,,jbarabichj8@xrea.com,Male,
694,,Coupman,,Male,14.60.77.224
695,Chilton,Penniell,cpenniellja@skyrock.com,,20.9.21.119
696,Kimberlyn,MacGregor,kmacgregorjb@fema.gov,Female,202.84.56.159
697,,,uwhittajc@dot.gov,Female,196.65.33.193
698,,Chadbourne,kchadbournejd@admin.ch,Female,253.120.11.249
699,Amargo,Kasperski,akasperskije@elpais.com,Female,
700,Freeman,Parish,fparishjf@squarespace.com,Male,
701,Zacherie,Edling,,Male,229.13.106.129
702,Konstantin,Loudon,kloudonjh@is.gd,Male,23.238.37.201
703,Faina,Fulton,,Female,243.13.13.2
704,Bordy,Poppleton,bpoppletonjj@homestead.com,Male,77.147.24.196
705,,,gbaldaccojk@unesco.org,Male,88.253.45.16
706,Inigo,Gilloran,igilloranjl@ameblo.jp,Male,
707,Jocko,Matusson,jmatussonjm@dell.com,Male,96.115.215.27
708,Anica,,,Female,
709,Papagena,Inglesent,pinglesentjo@networkadvertising.org,Female,227.154.78.133
,Gabriel,,gofallonjp@yandex.ru,Male,192.70.121.254
,Garald,Lukovic,glukovicjq@jimdo.com,Male,
712,Jerrylee,Keays,,Female,
713,Reggis,Bathowe,,Male,126.75.14.190
714,Susi,Buske,sbuskejt@mysql.com,Female,5.65.61.134
715,Skip,,schamberlainju@jalbum.net,Male,20.234.112.241
716,Langston,Dmitr,,,214.227.213.103
717,Jaimie,Tackes,jtackesjw@symantec.com,,
718,Dorris,,,Female,
719,,Borles,aborlesjy@homestead.com,Female,138.99.130.66
720,Brook,Peniello,bpeniellojz@stumbleupon.com,Male,233.59.181.182
721,Ced,Bartlet,cbartletk0@unicef.org,Male,
722,Freda,Knoton,,Female,178.117.240.28
723,Ashlan,Jobke,ajobkek2@nhs.uk,,
724,Sheri,,ssargeantk3@home.pl,Female,
725,Opalina,Grievson,ogrievsonk4@geocities.com,Female,115.70.246.142
726,Myra,,mhaugehk5@networksolutions.com,Female,34.245.99.143
727,Cornall,Sweedland,,Male,238.38.220.71
728,,,garnaudik7@google.co.jp,Female,
729,Nehemiah,Tumulty,ntumultyk8@mit.edu,Male,73.125.42.197
730,Marquita,Agronski,magronskik9@quantcast.com,,22.53.138.53
731,Cicely,Rockey,crockeyka@earthlink.net,Female,234.188.231.70
732,Alessandro,,alafontkb@ft.com,Male,
733,Wandie,Douse,wdousekc@noaa.gov,Female,103.34.214.39
734,Trumaine,Trodd,ttroddkd@adobe.com,,103.53.119.181
735,Katlin,Skuce,,Female,
736,Teodor,Haddock,thaddockkf@instagram.com,Male,
737,Ernie,McCrie,emccriekg@gizmodo.com,Male,7.153.239.56
738,Marylinda,Yuranovev,,,
739,Kerrie,,kyounieki@php.net,Female,
740,Silvanus,Imrie,,Male,11.113.59.78
741,Shir,Garmons,sgarmonskk@google.it,,10.237.128.229
742,Cecilio,Guilliatt,,Male,156.168.161.78
743,Kristofer,Yon,kyonkm@webmd.com,Male,
,Boone,Sackur,bsackurkn@boston.com,Male,30.1.2.16
745,Simeon,Agius,,Male,
746,Saw,Swinburne,sswinburnekp@columbia.edu,Male,
747,Stephanus,Hylands,,,
748,Josey,Bridge,jbridgekr@mozilla.com,Female,166.106.14.7
749,Izabel,Poulett,ipoulettks@mediafire.com,Female,110.160.66.167
750,Lou,Rennick,lrennickkt@wordpress.com,,29.118.14.118
751,,Boundy,tboundyku@abc.net.au,Male,174.207.8.152
,Reid,,rhutchenskv@hexun.com,Male,89.136.137.252
753,Sergei,Tree,streekw@dmoz.org,Male,200.134.168.226
754,Bil,Loveridge,bloveridgekx@shop-pro.jp,Male,73.102.128.32
755,Wrennie,,wgrassinky@de.vu,,217.218.124.160
756,Car,Mackieson,cmackiesonkz@gov.uk,Male,239.118.213.244
757,Charlie,McGairl,cmcgairll0@homestead.com,Male,127.167.16.206
758,Myrah,Hearse,mhearsel1@i2i.jp,Female,60.199.107.180
759,Mara,Assur,massurl2@theguardian.com,Female,149.195.25.47
760,Anthea,Lorain,alorainl3@vistaprint.com,,203.130.90.161
761,Cesya,Casine,ccasinel4@tumblr.com,Female,98.247.192.214
762,Grazia,Swallwell,gswallwelll5@sfgate.com,Female,188.147.39.147
763,Jean,,jjenourel6@alibaba.com,,
764,,Bertouloume,gbertouloumel7@unc.edu,,
765,Amity,Cutteridge,acutteridgel8@webeden.co.uk,Female,135.70.90.137
766,Dennet,Biggerstaff,dbiggerstaffl9@oaic.gov.au,Male,84.225.207.178
767,Noel,McGilvray,nmcgilvrayla@nifty.com,Male,108.125.145.202
768,Mordy,Entres,mentreslb@google.com.br,Male,
769,,Vannikov,dvannikovlc@time.com,,218.171.221.103
770,Chelsy,Coupman,ccoupmanld@ifeng.com,,48.166.0.105
771,Aurelea,Poynton,apoyntonle@unc.edu,Female,101.19.247.219
772,Albertina,Colter,,Female,
773,Matthieu,Torri,mtorrilg@statcounter.com,Male,
774,Zonnya,,zrobichonlh@archive.org,Female,
775,Hymie,Butson,hbutsonli@prnewswire.com,Male,234.253.161.13
776,Porter,De Ferrari,pdeferrarilj@columbia.edu,,232.52.216.227
777,Patsy,Ribeiro,pribeirolk@sphinn.com,Male,128.37.223.161
778,Avivah,,,Female,84.89.27.222
779,Carlota,Oman,,Female,252.97.150.127
,Ebba,Pfleger,epflegerln@sourceforge.net,,164.50.107.71
781,Olin,Camell,,Male,117.59.201.28
782,Torrin,Klaiser,tklaiserlp@fema.gov,,198.53.47.84
,Gardie,Cleare,gclearelq@dot.gov,,199.61.49.96
784,,,jnettlelr@furl.net,,238.109.193.58
785,,Trahar,atraharls@surveymonkey.com,Male,
786,Moe,Breeder,mbreederlt@webeden.co.uk,Male,
787,,Bothram,tbothramlu@gizmodo.com,Female,1.239.231.235
,Sophie,Gurnay,sgurnaylv@google.it,Female,164.145.153.45
789,Ogden,Burges,oburgeslw@jigsy.com,Male,10.242.57.76
790,Leola,Larose,,,242.123.17.65
791,Auguste,Haywood,ahaywoodly@latimes.com,Female,
792,Willie,De Mattia,wdemattialz@lycos.com,Male,178.138.233.45
793,,Spencer,kspencerm0@merriam-webster.com,Female,111.11.72.245
794,,Priddis,,Male,95.59.144.133
795,Gun,,glindbackm2@archive.org,,117.146.45.63
796,Moritz,Sainsbury,msainsburym3@constantcontact.com,Male,147.162.124.49
797,Anny,Felstead,afelsteadm4@surveymonkey.com,,99.33.100.73
798,Windy,Van der Kruys,wvanderkruysm5@etsy.com,Female,
,Vladamir,Shakeshaft,vshakeshaftm6@spiegel.de,Male,
800,Pacorro,Thunderchief,pthunderchiefm7@msu.edu,Male,154.17.219.146
801,Hillie,Arguile,,,221.238.234.166
802,Erinna,Moughtin,emoughtinm9@mlb.com,Female,127.181.187.87
803,Roman,,rjanochma@plala.or.jp,Male,
804,Alexander,Sprankling,aspranklingmb@yelp.com,Male,
805,Quintin,Ortner,qortnermc@google.fr,,
806,,Emmins,demminsmd@privacy.gov.au,,
807,,,,Male,158.47.35.155
808,Lotte,Christall,lchristallmf@wikipedia.org,Female,65.247.136.114
809,Gipsy,,glandemg@zdnet.com,Female,
810,Lorry,Corbert,lcorbertmh@state.gov,Female,112.54.236.64
811,Rickert,Setter,rsettermi@ibm.com,,218.131.112.6
812,Gail,Borkett,gborkettmj@so-net.ne.jp,,160.149.83.198
813,Kris,MacCague,kmaccaguemk@odnoklassniki.ru,Male,49.185.54.130
814,Jo ann,,jcelloml@theglobeandmail.com,,95.212.9.67
815,Oralia,Elsmore,,Female,144.123.121.178
816,Rutherford,Mealham,rmealhammn@bravesites.com,Male,161.123.135.22
817,Freedman,Waplinton,fwaplintonmo@godaddy.com,Male,112.97.151.102
818,Dilly,Smither,dsmithermp@wufoo.com,Male,27.3.171.80
819,Vinnie,Eayrs,veayrsmq@hibu.com,,
820,Prudence,Paul,ppaulmr@salon.com,Female,170.104.197.109
821,Tessy,Tremoulet,ttremouletms@cloudflare.com,Female,
822,Corie,Hars,,,1.239.165.251
823,Ursulina,,uhiommu@vkontakte.ru,,
824,,Woolgar,bwoolgarmv@usa.gov,,189.159.191.96
825,Dela,,dhanburybrownmw@who.int,,78.81.198.54
826,Keefer,Downie,,Male,53.149.163.133
827,Niko,,nkembreymy@nydailynews.com,Male,1.83.133.189
828,Whittaker,Wedlake,,Male,99.118.127.10
829,Caron,Gurden,cgurdenn0@washingtonpost.com,,
830,Sascha,,scockingsn1@360.cn,Male,162.202.103.160
831,Amargo,Valenta,avalentan2@amazon.co.jp,,76.91.135.202
832,Archibaldo,Sexti,asextin3@qq.com,,62.153.67.214
833,Patty,Ullrich,pullrichn4@theglobeandmail.com,Male,246.25.253.67
834,Bronnie,Braid,bbraidn5@imgur.com,,96.155.225.41
,Dion,Korpolak,dkorpolakn6@example.com,Male,4.130.119.186
836,,Runnett,brunnettn7@columbia.edu,,245.138.218.4
837,Patty,Pepis,ppepisn8@yellowpages.com,Male,86.125.192.193
838,Georgianne,,ggruten9@newsvine.com,,153.9.146.30
839,,Rist,mristna@narod.ru,,
840,Ike,Kruse,ikrusenb@zdnet.com,Male,140.1.83.245
841,Delinda,,,Female,146.225.3.39
842,Colet,Yellowlee,cyellowleend@independent.co.uk,,98.142.112.155
843,,Fenwick,pfenwickne@youtube.com,Male,116.172.68.241
844,Alfy,Dilston,adilstonnf@nyu.edu,Female,
845,Sergio,People,,Male,98.99.35.217
846,,Bessell,bbessellnh@hc360.com,Male,
847,Florrie,Taffley,ftaffleyni@nydailynews.com,Female,
848,,Stenbridge,estenbridgenj@privacy.gov.au,Male,5.118.211.9
,Frank,Fradson,ffradsonnk@msu.edu,Male,46.21.231.143
850,Haskell,Lyles,,Male,91.209.112.178
851,Gaven,Nannoni,gnannoninm@mysql.com,Male,123.29.231.162
852,Dorothea,Bellward,,Female,242.189.179.31
853,Rennie,Markovich,rmarkovichno@360.cn,,142.45.2.37
,Quintilla,Bergin,,Female,244.100.72.22
855,Allie,Ferras,aferrasnq@zdnet.com,Female,193.165.9.191
,,Luttgert,kluttgertnr@google.pl,Male,
857,Hallsy,Fevers,hfeversns@friendfeed.com,Male,
858,Maurita,,mpolinont@apache.org,Female,52.185.171.58
859,Bettine,Wincott,,,185.158.69.198
860,Prudy,Keri,pkerinv@github.io,Female,0.74.64.204
861,Cally,Cleatherow,ccleatherownw@prweb.com,,11.39.48.132
862,Kaia,,kdulakenx@narod.ru,Female,94.45.210.94
863,Adaline,,alemoucheuxny@ucla.edu,Female,249.45.211.83
864,,Brewin,,Male,86.246.42.53
865,Margaret,,mrosingdallo0@xrea.com,,160.166.247.206
866,Coretta,Ubee,cubeeo1@berkeley.edu,,174.80.71.138
867,,Gasnell,igasnello2@google.nl,Female,229.192.156.179
868,Jermaine,Lawtey,,Male,28.239.83.122
869,Travis,MacCaig,tmaccaigo4@icq.com,Male,
870,Demetrius,Tiffany,dtiffanyo5@dmoz.org,Male,239.66.131.235
871,Archer,Hackford,,Male,
872,,Carlick,ccarlicko7@google.com.br,Female,146.186.149.206
873,Carina,Fittes,cfitteso8@bing.com,Female,104.82.3.118
874,Robin,Klicher,rklichero9@4shared.com,,31.171.19.80
875,Cobby,Elcomb,celcomboa@yolasite.com,Male,225.201.17.138
876,Tiena,Coupman,tcoupmanob@multiply.com,Female,119.68.97.44
877,Ermanno,Macrae,emacraeoc@alibaba.com,Male,231.105.184.124
878,Denyse,Sissot,dsissotod@state.gov,Female,
879,Vivie,Gayne,vgayneoe@nytimes.com,,
880,Pam,Jellman,pjellmanof@live.com,Female,68.234.38.212
881,Cobbie,Ritchman,critchmanog@chron.com,Male,148.107.146.252
882,Tirrell,Steed,tsteedoh@jimdo.com,Male,45.100.98.112
883,,Ahern,jahernoi@sciencedaily.com,,
884,Hendrick,Elsmore,helsmoreoj@nature.com,Male,227.37.104.105
885,,Pirrone,lpirroneok@cisco.com,Male,
886,Tommie,,tpimerickol@github.com,Female,
887,,Swate,mswateom@cbslocal.com,Male,167.231.23.92
888,Jennine,Osgar,josgaron@surveymonkey.com,Female,
889,Julie,Spring,jspringoo@pagesperso-orange.fr,Female,23.107.8.231
890,Cleve,Breewood,cbreewoodop@51.la,Male,218.155.32.164
891,Rycca,Cianni,rciannioq@shutterfly.com,Female,
892,Judas,Boost,jboostor@odnoklassniki.ru,,
893,Gustave,,ghedonos@alibaba.com,Male,
894,Anton,Somerscales,asomerscalesot@huffingtonpost.com,Male,22.197.61.70
895,Brynn,MacGiany,bmacgianyou@dion.ne.jp,Female,
896,Darcey,Kearford,,Female,152.178.241.116
897,Dukie,Elsop,delsopow@squidoo.com,Male,77.144.134.120
898,,Wehden,swehdenox@sourceforge.net,,148.151.94.46
899,Ekaterina,Barnwill,ebarnwilloy@google.nl,Female,
900,Pace,Cosin,pcosinoz@myspace.com,Male,203.190.144.140
901,Georgie,Huebner,ghuebnerp0@kickstarter.com,Female,92.63.181.159
902,Michell,Klain,,,31.140.192.236
903,Ozzy,Lyffe,olyffep2@sciencedaily.com,Male,
,,Drepp,mdreppp3@pbs.org,Female,138.33.166.67
905,,Manjot,gmanjotp4@hhs.gov,,23.38.165.175
,Orson,Petrasch,opetraschp5@alibaba.com,Male,
907,Jarad,Shorbrook,,Male,
908,Goldarina,Yeandel,gyeandelp7@deviantart.com,Female,0.102.224.97
909,Clerc,Astbery,castberyp8@examiner.com,Male,132.249.37.200
910,Donella,Harrald,dharraldp9@ed.gov,Female,181.161.101.92
,Danita,McMoyer,dmcmoyerpa@51.la,,189.61.206.95
912,Ferdinand,Cumesky,,,236.180.26.92
913,Umberto,Eseler,ueselerpc@msu.edu,,106.197.239.209
914,Claudio,Ginie,cginiepd@ameblo.jp,Male,
915,Julienne,O'Lagen,jolagenpe@state.gov,Female,
916,,,vpiburnpf@cpanel.net,Male,
,,Rispin,arispinpg@myspace.com,,0.182.54.247
918,Marcos,Bastie,,Male,
919,Phylis,Baruch,pbaruchpi@imgur.com,Female,69.161.213.29
920,Clevie,Reace,creacepj@ehow.com,Male,183.10.148.2
,Antoni,Mingey,,Male,
922,Bevon,Healeas,bhealeaspl@xing.com,Male,
923,Carlee,Tedorenko,ctedorenkopm@army.mil,,79.101.105.110
924,Riane,Glasgow,,Female,
925,Dennie,Handslip,dhandslippo@ucoz.com,Female,
926,Inga,Botham,,,
927,Aindrea,Sand,asandpq@purevolume.com,,228.127.59.250
928,Sharla,,sbuttrickpr@linkedin.com,Female,110.238.70.105
929,Meredithe,Tremelling,mtremellingps@mashable.com,,95.76.86.17
930,Sabina,Wanell,swanellpt@zimbio.com,Female,221.45.151.238
931,Emlyn,,eoganesianpu@purevolume.com,Male,244.222.178.15
932,Juliann,Chasen,jchasenpv@multiply.com,Female,120.11.48.162
933,Karrah,Dyet,kdyetpw@google.com.hk,,78.76.129.193
,,Quincey,hquinceypx@scribd.com,,194.154.157.112
935,Tiertza,Heinzel,theinzelpy@washingtonpost.com,,55.126.19.21
936,Gerty,Forde,gfordepz@goo.gl,,185.49.221.19
937,Wendell,,wiacopoq0@ask.com,Male,3.173.222.64
938,Nicola,,nshuardq1@clickbank.net,,216.172.4.231
939,Curry,,cfiltnessq2@toplist.cz,,
940,Barbabas,Chapiro,bchapiroq3@jimdo.com,Male,
941,Linus,Eakle,leakleq4@bluehost.com,Male,135.89.107.55
942,Klarika,Tench,ktenchq5@dailymail.co.uk,,
943,Angie,Lawlee,alawleeq6@independent.co.uk,,141.62.214.238
944,Jud,Mullord,,Male,73.85.251.46
945,Cary,Pavier,cpavierq8@scientificamerican.com,Female,103.182.213.255
946,Kerry,,keggertonq9@webs.com,Male,205.163.66.161
947,,Carberry,ecarberryqa@state.gov,Male,
948,Ripley,Janczak,rjanczakqb@wordpress.com,Male,
949,Cary,Latty,clattyqc@mtv.com,Female,147.0.106.66
950,Dusty,Strang,dstrangqd@comcast.net,Female,
951,Silvano,Dowker,sdowkerqe@gov.uk,Male,238.146.11.113
952,Nani,Halpeine,,Female,246.1.240.193
953,Hanan,,,,
954,Beilul,Gutsell,bgutsellqh@edublogs.org,,
955,Lucy,Slimon,lslimonqi@salon.com,,
956,Rosemonde,Keeting,,Female,88.169.172.167
957,,Tunesi,ttunesiqk@networksolutions.com,Male,170.175.181.213
958,Norry,Weyman,nweymanql@woothemes.com,Female,124.36.134.37
959,Sean,Vinter,svinterqm@jalbum.net,Male,
960,Halli,Poolton,hpooltonqn@simplemachines.org,Female,
961,Alfy,Meldon,,Male,182.159.141.9
962,Bryan,Waything,bwaythingqp@biglobe.ne.jp,,
963,Gretel,Broske,gbroskeqq@oakley.com,Female,2.34.104.231
964,Fran,Taill,,Female,
965,Hagen,Knoles,hknolesqs@patch.com,Male,
966,Magnum,Autrie,mautrieqt@amazon.com,Male,
967,Illa,Dowrey,idowreyqu@craigslist.org,Female,204.118.225.68
968,Christye,Smiths,csmithsqv@arstechnica.com,Female,
969,Guillemette,Hindhaugh,ghindhaughqw@wsj.com,,
970,Camel,Joan,,Female,29.148.143.66
971,Dunstan,Pigott,dpigottqy@indiegogo.com,Male,98.101.230.166
,Euell,MacIntosh,emacintoshqz@cpanel.net,Male,235.185.177.166
973,Emalia,Boscher,eboscherr0@hc360.com,Female,124.15.153.114
974,Shana,Luparti,slupartir1@bluehost.com,Female,126.196.223.181
975,Simeon,Fowells,sfowellsr2@plala.or.jp,Male,
976,Andie,Shevill,ashevillr3@engadget.com,Male,50.198.145.31
977,Karylin,Offner,koffnerr4@uol.com.br,,137.76.122.234
978,Tan,Tame,,Male,129.183.68.55
979,Manon,Siggee,msiggeer6@china.com.cn,Female,4.190.22.176
980,Etienne,Fridaye,efridayer7@pbs.org,,241.66.233.201
981,Emery,Gearty,egeartyr8@altervista.org,Male,246.248.122.184
982,Nat,,npatterfieldr9@techcrunch.com,,
983,Valenka,Le Guin,vleguinra@forbes.com,Female,
984,Rycca,Sloss,rslossrb@patch.com,Female,
985,,O'Corrin,nocorrinrc@instagram.com,Female,247.196.28.106
986,Eugenio,Frango,efrangord@uiuc.edu,Male,
987,Orelle,Gaine of England,ogaineofenglandre@example.com,Female,
988,Virgilio,,vjantelrf@list-manage.com,Male,119.231.88.140
989,Ad,Bissett,,,61.89.114.26
990,Kacey,Prise,kpriserh@umich.edu,,107.31.166.153
991,Leon,Fortye,,Male,66.170.235.73
992,Cheslie,Nilges,cnilgesrj@flavors.me,Female,
993,,Commins,acomminsrk@hc360.com,Male,87.254.54.90
994,Jehanna,Sherman,jshermanrl@people.com.cn,Female,88.230.209.208
995,Ronni,McDarmid,rmcdarmidrm@wisc.edu,Female,32.250.190.213
996,Clementina,Chesher,cchesherrn@t.co,Female,
997,Denis,,deberdtro@nbcnews.com,Male,
998,Shay,,sbrittanrp@slate.com,Male,255.10.220.49
999,Petronella,Grombridge,pgrombridgerq@economist.com,Female,102.222.123.101
1000,Cole,Ambrosio,cambrosiorr@nhs.uk,Male,133.251.208.194
