id	first_name	last_name	email	gender	ip_address
1	Gerald	Cunradi	gcunradi0@google.com.hk	Male	36.50.248.163
2	Madlin	Hinge	mhinge1@techcrunch.com	Female	
3	Valaria	Bristoe	vbristoe2@cpanel.net		227.176.13.13
4	Garwood	Harlowe		Male	211.121.204.232
5	Krispin	Stollenwerck			211.23.93.246
		Ewart	sewart5@slashdot.org		
7	Kameko	Shinfield	kshinfield6@cpanel.net	Female	
8	Caril	Gabala	cgabala7@admin.ch	Female	9.52.66.196
9	Kerianne	Charles	kcharles8@usatoday.com	Female	
10	Ansley	Walles	awalles9@sitemeter.com	Female	
11	Homerus	Galley	hgalleya@shutterfly.com	Male	142.73.217.7
12	Herman	Swatridge	hswatridgeb@psu.edu	Male	
13	Murvyn	McTeggart	mmcteggartc@lycos.com	Male	171.100.183.158
14	Min	Gascoine	mgascoined@sina.com.cn	Female	25.200.213.171
15	Kandace		kfremantlee@shop-pro.jp	Female	77.207.111.65
16	Denver	Fiddy	dfiddyf@europa.eu	Male	
17	Christa		cfaradyg@behance.net	Female	95.255.47.110
18	Gavrielle	Aphale		Female	17.207.165.197
19	Novelia	Foulcher	nfoulcheri@marriott.com	Female	102.19.0.19
20	Raviv	McLese			170.59.189.94
21	Rahal	Lightning	rlightningk@wired.com	Female	130.56.246.21
22	Jacky		jgarroodl@imageshack.us	Female	
23	Daveta	Crump	dcrumpm@alexa.com	Female	
24	Sonnie	Dewbury	sdewburyn@tiny.cc	Female	134.100.225.233
25	Jacquenetta	Farlam	jfarlamo@ocn.ne.jp		254.204.86.75
26	Giles	Turneux	gturneuxp@newsvine.com	Male	
27	Dwight		dfeeneyq@independent.co.uk	Male	
28	Heall	Ludee	hludeer@miitbeian.gov.cn	Male	
29	Joanna	Toffetto	jtoffettos@cnet.com	Female	60.135.210.101
30	Bab	Pittle	bpittlet@constantcontact.com	Female	3.161.182.237
31	Reidar	Marsters	rmarstersu@state.gov	Male	190.121.192.246
32	Mamie		mbelcherv@dailymail.co.uk		21.57.240.210
33	Boonie	Fripp	bfrippw@myspace.com		
34	Nixie	Pideon	npideonx@jugem.jp	Female	
35		Rowes	jrowesy@amazonaws.com	Female	
36	Andrey	Reschke	areschkez@artisteer.com	Male	
37		Incogna	bincogna10@hexun.com	Male	41.145.41.54
38	Samuel	Hughes		Male	248.76.66.228
39	Darin			Male	87.120.22.155
40	Zane	Pottell	zpottell13@constantcontact.com	Male	74.12.105.90
41	Ezequiel	Silbert	esilbert14@time.com		162.62.235.206
42	Reginald	Skeggs	rskeggs15@csmonitor.com	Male	55.225.81.34
43	Clementine	Doumenc	cdoumenc16@cargocollective.com	Female	28.91.153.225
44	Augustina	Rickword	arickword17@wunderground.com	Female	
45	Melania		mfaunt18@un.org	Female	
46	Dunstan				
47		Lawranson	plawranson1a@addtoany.com	Male	33.102.79.196
48		Tunbridge	jtunbridge1b@ezinearticles.com	Male	254.123.191.255
49	Kakalina	Saltern	ksaltern1c@nydailynews.com	Female	76.95.84.90
50	Clemence	Erridge	cerridge1d@narod.ru	Female	
51		Blinman	kblinman1e@gnu.org		167.151.249.188
52	Jarvis	Gladebeck	jgladebeck1f@deliciousdays.com		204.119.104.107
53	Costa		cguiet1g@oaic.gov.au	Male	172.146.245.158
54	Minnie	Braunlein	mbraunlein1h@google.de	Female	143.128.126.140
55	Myrvyn	Donnel	mdonnel1i@who.int	Male	
56	Diahann	McKendry		Female	251.241.55.139
57	Hersh		hpafford1k@so-net.ne.jp	Male	206.131.178.214
58	Theresina				
59	Bart	Eads	beads1m@cloudflare.com	Male	237.4.112.92
60	Temple	Dansken	tdansken1n@time.com		
61	Siouxie		sbrailsford1o@virginia.edu	Female	
62	Bari	Hazeltine	bhazeltine1p@cnet.com	Female	130.11.237.58
63	Mayor	Silcock	msilcock1q@domainmarket.com	Male	124.192.231.120
64	Brandea	Venney		Female	
65	Prent	Barbie	pbarbie1s@furl.net	Male	20.7.175.20
66	Laurie	Corde	lcorde1t@weather.com	Female	206.208.157.13
67	Eustacia	Goodsir		Female	198.204.96.224
68	Carlie	Jerdan	cjerdan1v@nasa.gov	Male	75.153.152.65
69	Leonie	Concklin	lconcklin1w@vistaprint.com		138.174.165.35
70	Thaddeus	Oganian		Male	161.81.188.43
71	Milly	Mullan		Female	
72	Kristian	Dumbare	kdumbare1z@ca.gov	Male	
73	Evangeline	Keel	ekeel20@seesaa.net	Female	215.14.147.142
74	Elisha	Brimilcombe	ebrimilcombe21@gizmodo.com		168.134.221.88
75	Kermie	Avramovsky	kavramovsky22@independent.co.uk	Male	112.216.72.47
76	Cobby	Linnitt		Male	52.166.138.37
	Tabby	Bellocht	tbellocht24@squidoo.com	Female	156.26.252.18
78	Rosana	Moulding		Female	
	Nydia	Clemont	nclemont26@diigo.com	Female	194.50.28.30
80	Blinni			Female	26.16.219.230
81	Conrade		ctierney28@altervista.org	Male	
82			balecock29@mozilla.com		125.150.255.2
83	Boigie	Thunder	bthunder2a@google.de	Male	99.170.145.8
84	Tamara	Tarbard	ttarbard2b@yahoo.co.jp	Female	
85	Forrester	Lodge	flodge2c@wired.com	Male	53.242.146.202
86	Halli	Curteis	hcurteis2d@squarespace.com	Female	50.245.17.104
87	Merissa	Tippler	mtippler2e@purevolume.com	Female	192.214.16.198
88	Syd			Male	82.126.164.10
89	Waldo	Goldstraw		Male	
90	Flor	Glendining	fglendining2h@hud.gov		189.158.163.117
91		Lorraway	hlorraway2i@jugem.jp	Male	23.76.193.0
92	Nomi	Yter	nyter2j@vkontakte.ru		226.167.169.239
93	Ingram	Waterhouse		Male	186.176.60.235
94	Rianon	Dauber		Female	
95	Roda	Thonger		Female	196.171.164.167
96	Walliw	Fish	wfish2n@delicious.com	Female	77.78.95.106
97	Darbie	Boise	dboise2o@columbia.edu	Female	77.38.209.126
98	Georg	Bradberry		Male	132.60.30.70
99	Johnnie	Sandbach	jsandbach2q@mit.edu	Male	102.45.75.216
100	Levon	Short	lshort2r@scribd.com	Male	
101	Cyndi	Pylkynyton	cpylkynyton2s@army.mil	Female	
102	Coreen	Orpwood	corpwood2t@ning.com	Female	43.93.126.87
103	Web	Di Filippo	wdifilippo2u@alibaba.com	Male	35.186.102.76
104	Stanton	Tomasz	stomasz2v@dropbox.com	Male	
105	Dennison	Rann	drann2w@cpanel.net		175.33.199.39
106	Wakefield	Attwool	wattwool2x@miitbeian.gov.cn	Male	215.8.1.154
107	Franklin	Gulc	fgulc2y@google.co.jp	Male	
108	Krystalle	Camsey	kcamsey2z@skyrock.com		
109	Neal		nperago30@clickbank.net	Male	251.203.189.39
110	Dannye	Chasen		Female	44.67.217.157
111	Erick	Whitely	ewhitely32@networksolutions.com	Male	
112	Amie	Mateescu		Female	118.70.114.97
113		Scriviner	wscriviner34@auda.org.au	Male	168.25.186.124
114	Colin	Yerill	cyerill35@merriam-webster.com	Male	
115		Treadgear	ltreadgear36@linkedin.com	Male	46.33.253.203
116		McCrostie	smccrostie37@nhs.uk		202.152.224.140
117	Gene	Burg	gburg38@ustream.tv	Male	
118	Alexis	Vignal		Male	
119	Mommy	Halligan	mhalligan3a@xing.com	Female	124.45.119.68
120	Trudy	Losano	tlosano3b@hc360.com	Female	132.21.107.41
121	Esra	Hembrow	ehembrow3c@4shared.com	Male	202.151.121.30
122	Dennis	Rosenstengel	drosenstengel3d@blogspot.com		123.99.187.127
123	Debby			Female	96.178.198.161
124	Mack		msayles3f@latimes.com		16.11.156.166
125	Tuesday	Colvin	tcolvin3g@hp.com	Female	75.46.199.236
126	Janet	Weeke	jweeke3h@theatlantic.com		
127		Von Hindenburg	lvonhindenburg3i@booking.com		130.198.106.165
128	Ware	Burling	wburling3j@about.me	Male	
129	Maurizio	Ketteman	mketteman3k@reference.com		6.111.83.13
		Bond	jbond3l@wsj.com	Female	130.234.46.16
	Bevin		bbarnson3m@mit.edu	Male	
132	Rae	Liffey	rliffey3n@umich.edu	Female	
133	Abagael	Buckam			101.70.169.116
134	Vernor	Ellul	vellul3p@oaic.gov.au		157.243.30.78
135	Carleton	Baxster	cbaxster3q@gravatar.com		43.49.205.201
136	Tessie	Beek			20.42.247.158
137	Brant	Cashley	bcashley3s@webnode.com		98.1.178.200
138	Darleen		dkubacek3t@sogou.com	Female	
139	Tomaso	Cavill	tcavill3u@simplemachines.org		189.150.193.229
140	Arabele	Cracoe	acracoe3v@irs.gov	Female	
141		Owen		Female	
142	Genevieve	Foad		Female	53.200.39.217
143	Antoine			Male	
144	Devondra	Leeburne	dleeburne3z@accuweather.com	Female	139.142.220.55
145	Toiboid	Victoria	tvictoria40@economist.com		31.152.103.42
146		Gration	mgration41@reddit.com	Male	214.76.178.98
147	Benjy	Storrah		Male	121.204.15.209
148	Arel	Hucke	ahucke43@histats.com	Male	211.34.232.238
149		McLurg	amclurg44@technorati.com		169.242.248.9
150	Clair		csneller45@google.co.jp	Female	
151		Danton	ldanton46@ovh.net	Male	216.209.4.50
152	Homere			Male	68.39.47.135
153	Iolanthe	Beaglehole	ibeaglehole48@imgur.com	Female	22.85.10.128
154	Frasquito	Mosedall	fmosedall49@t.co	Male	
155	Esdras		eclouter4a@jalbum.net	Male	111.177.21.222
156		Marquet		Female	94.21.118.27
157	Aeriel				240.90.223.110
158	Leela	McNirlin		Female	32.38.187.167
159	Rhonda	Gregoretti	rgregoretti4e@indiegogo.com	Female	
160	Joy		jscare4f@bluehost.com	Female	
161				Male	12.52.234.148
162	Caldwell	Rickson	crickson4h@stumbleupon.com	Male	77.210.192.135
	Darla	Caldecourt		Female	91.195.125.76
164	Bran	Standeven	bstandeven4j@harvard.edu	Male	
165	Dorette	Schustl		Female	50.8.205.87
166	Ruby	Pettipher	rpettipher4l@spiegel.de	Female	251.44.95.30
167	Christiano	Pardew	cpardew4m@eepurl.com	Male	
168	Kaycee	Willey	kwilley4n@vk.com	Female	89.118.35.34
169	Georas			Male	57.186.252.163
	Jennie	Riddles	jriddles4p@zdnet.com		225.96.135.148
171	Ana	Saunper		Female	183.130.130.35
			mcattle4r@examiner.com	Female	187.125.72.207
173	Davie	Conachy	dconachy4s@technorati.com	Male	243.39.93.254
174	Antonella	Padginton	apadginton4t@dion.ne.jp		15.233.14.94
175	Jehu	Oven	joven4u@taobao.com	Male	105.247.58.228
176		Egginton	segginton4v@independent.co.uk	Female	17.221.239.80
177	Cristal	Dossetter	cdossetter4w@elpais.com		246.92.57.207
178		Branca	nbranca4x@eventbrite.com	Female	68.80.254.184
179	Kari	Bondley	kbondley4y@google.pl	Female	94.210.233.109
180	Corella	McCrisken	cmccrisken4z@technorati.com		44.93.116.72
181	Lek		lgercken50@marketwatch.com	Male	199.218.118.159
182	Sascha	Fields	sfields51@opensource.org	Female	
	Aloin		aaslott52@rakuten.co.jp	Male	75.254.126.50
184	Halsy	Reckless		Male	213.35.69.26
185	Anni	De Freyne	adefreyne54@usda.gov		
186	Garfield	De Leek			180.180.99.19
187	Thatch		tockenden56@wiley.com	Male	
188		Muscroft	imuscroft57@people.com.cn		234.193.37.161
189	Bevan		bgare58@github.com	Male	
190	Anita	Tassel		Female	24.89.148.223
191	Bail	Parell	bparell5a@bandcamp.com	Male	123.127.144.238
192	Leanor	Raphael	lraphael5b@dagondesign.com	Female	
193	Robinet	Cowerd			197.51.237.107
194	Kiley	Wissby	kwissby5d@canalblog.com	Female	
195			tshowalter5e@ning.com	Male	229.181.140.208
196		Chastelain	hchastelain5f@irs.gov	Female	9.53.186.121
197	Desiree	Colcutt	dcolcutt5g@senate.gov	Female	
198	Conroy	Rzehor	crzehor5h@hibu.com	Male	36.25.25.134
199	Hyman	Braams	hbraams5i@statcounter.com	Male	70.54.81.11
200	Jamaal	Wilcott	jwilcott5j@ftc.gov	Male	138.75.208.55
201	Lolita	Dulanty	ldulanty5k@ibm.com	Female	219.181.220.239
202	Fairlie	Cottu	fcottu5l@yale.edu	Male	
203	Francine			Female	151.82.182.30
204	Dominick	Negro		Male	200.131.190.173
205	Lexine	Rosenboim			212.206.0.236
206	Dannel	Malins	dmalins5p@alexa.com	Male	121.41.76.215
207		Mizzen	emizzen5q@miitbeian.gov.cn		
208	Arv			Male	
209	Naoma	Tripney			196.5.211.38
210			zmcconigal5t@google.com.br	Male	
211	Ricky	Boorman	rboorman5u@usa.gov	Male	209.172.40.239
212	Kass	Fraczak	kfraczak5v@privacy.gov.au	Female	32.9.181.66
213	Jesus	Robardley	jrobardley5w@sogou.com	Male	101.152.239.231
214	Christie	Maidstone			118.239.83.129
215	Rockey	Mowsdale		Male	101.77.220.151
216		Broom			4.181.129.12
217	Blythe	Boynes	bboynes60@naver.com	Female	168.90.106.142
218	Haroun	Stawell	hstawell61@reuters.com	Male	239.49.24.132
219			elampens62@unc.edu		180.94.116.140
220	Anni	Consadine	aconsadine63@desdev.cn		15.122.247.138
221			sturfes64@gmpg.org	Female	59.205.138.17
222	Cassondra	Hazelgrove	chazelgrove65@intel.com	Female	214.16.78.51
223	Rafi	Donnelly	rdonnelly66@globo.com	Male	
224		MacKill		Female	167.167.20.58
225	Kele	Kay	kkay68@myspace.com	Male	164.110.103.60
226	Claudio	Siviour	csiviour69@unc.edu		166.46.144.110
227	Nisse	Gomby	ngomby6a@princeton.edu	Female	
228	Rance		rbullough6b@moonfruit.com	Male	
229	Lucinda	Bossom		Female	
230	Leora		lclutram6d@barnesandnoble.com	Female	173.138.64.68
231	Wallas		wgoward6e@whitehouse.gov	Male	103.39.151.81
232		Gowdie	pgowdie6f@slashdot.org	Female	162.189.90.221
233	Anson	Reskelly	areskelly6g@phpbb.com	Male	74.229.51.252
234	Cherin	Yerborn	cyerborn6h@jimdo.com	Female	
235	Astra	Nice	anice6i@so-net.ne.jp		140.186.142.76
236	Valera	Baudinet	vbaudinet6j@google.com.hk		198.141.239.143
237	Krisha	Tofpik	ktofpik6k@ow.ly	Male	54.185.177.235
238	Clo	Lascell	clascell6l@networkadvertising.org	Female	77.170.121.54
239	Lynne	Peteri	lpeteri6m@wordpress.org	Female	
240	Lianne	Arp	larp6n@house.gov	Female	
241	West	Cavet	wcavet6o@constantcontact.com	Male	205.164.54.249
	Ernst		eyole6p@live.com		172.247.31.99
243		Micah	gmicah6q@pagesperso-orange.fr	Female	65.34.109.225
244	Hakeem	Thieme	hthieme6r@blog.com	Male	117.114.230.117
245	Nealy	Bernardes	nbernardes6s@twitpic.com		
246	Leanora		lphelp6t@cdc.gov		64.131.149.64
247	Boniface		bgoodspeed6u@blogs.com	Male	10.228.86.108
248		Hollow	lhollow6v@last.fm	Male	92.159.204.169
249		Fermor		Female	165.18.133.15
250	Jacqui	Tremouille		Female	215.218.218.206
251	Elberta	O'Fallone	eofallone6y@artisteer.com	Female	244.180.113.94
252					64.0.150.96
253	Kendra	Churly	kchurly70@skype.com	Female	84.181.226.32
254	Jefferson				42.18.35.51
255	Ranna	Teesdale			
256	Crystal		cdoak73@themeforest.net	Female	
257	Freddie		fhealey74@gnu.org		56.30.121.9
258	Kaitlynn		kbertomieu75@wikipedia.org	Female	
259	Derwin	Boughtflower		Male	232.158.12.208
260	Maurizia	Antrag	mantrag77@wsj.com	Female	
	Jeffie	Lamperti	jlamperti78@loc.gov	Male	226.218.233.5
262	Stu	Zoren	szoren79@hatena.ne.jp	Male	
263	Ronda	Jephcote	rjephcote7a@nih.gov	Female	55.196.195.145
	Elka	Kollach		Female	
265	Dorisa	Dan	ddan7c@imgur.com		210.12.45.127
266	Micaela	Hammond	mhammond7d@cargocollective.com	Female	
267			rmaidens7e@instagram.com		206.42.30.135
268	Sebastian		sabrams7f@etsy.com	Male	133.255.237.90
269	Spense	MacRitchie	smacritchie7g@house.gov	Male	162.121.146.3
270		McCaffrey	lmccaffrey7h@marketwatch.com		94.37.70.205
271	Walt	McCrorie	wmccrorie7i@yellowpages.com	Male	254.57.171.250
272		Clingan			115.229.135.5
273	Lindsy	Storkes	lstorkes7k@digg.com	Female	105.17.71.78
274	Malinda	Dikle	mdikle7l@live.com	Female	
275	Etienne		ealesio7m@com.com	Male	104.205.169.239
276	Kare	Norcross		Female	114.120.208.53
277	Hendrick		hzuppa7o@xing.com	Male	
278	Alis	Mains		Female	6.32.96.89
279	Agnese	Escritt	aescritt7q@shop-pro.jp		239.88.147.28
280	Cam	McRonald	cmcronald7r@netvibes.com		12.39.217.16
281	Codi	Brislane	cbrislane7s@yahoo.co.jp	Female	
282	Maxi	Drewe	mdrewe7t@dot.gov		73.244.145.183
283	Mariya		mdoidge7u@e-recht24.de	Female	126.14.211.178
284		Glasscoe	bglasscoe7v@paypal.com		
285	Loralyn	Karet	lkaret7w@smh.com.au		75.230.50.235
286		Hampson	dhampson7x@tuttocitta.it	Male	82.125.246.251
287	Willis		wmcclune7y@statcounter.com	Male	
288	Daron	Dally	ddally7z@amazonaws.com		
289	Cointon	Asker	casker80@scientificamerican.com		117.149.141.165
290	Dale	Baszniak	dbaszniak81@epa.gov	Female	
291	Papageno		pchamberlen82@scientificamerican.com		100.53.23.107
292	Peyter		pmazillius83@opensource.org		229.27.115.219
293	Mikol	Emma	memma84@arizona.edu	Male	
294	Ki	Blenkensop			45.67.99.109
295	Byran	Desesquelle	bdesesquelle86@sphinn.com	Male	30.108.55.188
296	Lorry	Storms	lstorms87@myspace.com	Male	246.15.14.100
297	Frederica		fbickerdike88@bing.com	Female	
	Barty	Patry	bpatry89@cyberchimps.com	Male	196.95.91.215
299		Comini		Male	54.225.253.27
300		Bartrop	lbartrop8b@msu.edu		51.119.234.243
301	Patsy	MacGuffog	pmacguffog8c@mapy.cz	Female	
302	Marketa	Drewet	mdrewet8d@opensource.org		239.237.47.105
303	Issy	Adamovich	iadamovich8e@psu.edu	Female	211.52.211.58
304	Cleavland	Wanless	cwanless8f@indiegogo.com	Male	20.179.97.126
305	Hallsy	Pudsey		Male	
306	Minda	Blowfelde	mblowfelde8h@flickr.com	Female	2.146.190.119
307	Brooks	Jendrusch	bjendrusch8i@mediafire.com	Female	
308	Stacia	Kyneton	skyneton8j@geocities.com	Female	151.207.78.44
309	Vernor	Dyche	vdyche8k@theatlantic.com		107.98.231.40
310	Lianna		lpitbladdo8l@youku.com	Female	224.110.184.172
311	Pascal	Christmas	pchristmas8m@stanford.edu	Male	
312	Maxi	Camplin		Female	82.120.191.200
313	Pauline	Manser	pmanser8o@google.cn	Female	
314	Pascale	Fison		Male	238.228.177.0
315	Karolina	Crean	kcrean8q@desdev.cn	Female	140.192.239.194
316	Gert	Kimble	gkimble8r@nps.gov		211.215.42.228
317	Jamil	Nasi	jnasi8s@ocn.ne.jp	Male	
	Yehudi	Spooner	yspooner8t@de.vu	Male	52.47.213.1
319	Jon	Birtles	jbirtles8u@hugedomains.com	Male	101.172.123.198
320	Roddy	Plewes		Male	
321	Tynan	Astill		Male	
322	Madison	McGlone	mmcglone8x@latimes.com		37.66.115.58
323	Zaria	Richardsson	zrichardsson8y@rambler.ru		
324	Sullivan	Dannehl	sdannehl8z@cbc.ca		
325	Starlin	Bodell		Female	12.67.224.248
326	Daria	Naile		Female	71.61.47.229
327	Sena	Weare	sweare92@hc360.com	Female	77.140.3.190
328	Tedra	Lantuff			102.227.29.8
329	Zondra	Tavernor	ztavernor94@multiply.com	Female	
330	Selene		shoundson95@cpanel.net	Female	186.193.154.206
331	Carlo	Tinwell	ctinwell96@flickr.com	Male	
	Codie	Riccardelli		Female	134.231.98.73
333		Stanluck	estanluck98@answers.com		
334	Stefano	Crinage	scrinage99@hatena.ne.jp	Male	47.110.174.66
335	Cristie	Warn	cwarn9a@livejournal.com	Female	
336	Grant	Paine	gpaine9b@google.com.au		
337	Austin	Tolman	atolman9c@microsoft.com	Female	104.51.191.238
338	Marne	Tudball	mtudball9d@hatena.ne.jp	Female	238.205.84.13
339	Lea	Hunting	lhunting9e@newsvine.com		104.67.57.55
340	Yance		yselwin9f@oaic.gov.au	Male	51.55.222.238
341	Baxy	Silley	bsilley9g@columbia.edu	Male	160.1.79.212
342		Gillingwater		Female	97.197.241.181
343	Arther		awoodcraft9i@google.cn	Male	35.162.255.117
344	Shermie		ssewell9j@netlog.com	Male	153.228.23.75
345	Diahann	Wiggall	dwiggall9k@is.gd		29.248.130.177
346	Eleanore	Townshend	etownshend9l@engadget.com		
347	Ximenez		xsodory9m@abc.net.au		3.223.19.34
348	Lew	Pottes	lpottes9n@purevolume.com	Male	
349	Scarface	Trahmel	strahmel9o@yellowbook.com	Male	211.182.185.23
350	Tedman		tvaldes9p@php.net		44.146.54.116
351	Flin		fconningham9q@eventbrite.com	Male	249.164.140.141
352	Fraser	Skrine	fskrine9r@utexas.edu	Male	
353	Dona	Moncur		Female	93.233.181.196
354	Ynes	McNeil		Female	25.216.164.176
355	Clementius	Milington	cmilington9u@businesswire.com	Male	131.98.237.204
356	Lynnette	Vitte	lvitte9v@washington.edu	Female	55.125.241.191
357	Aryn	Rebbeck	arebbeck9w@vistaprint.com	Female	248.46.119.93
358	Hagen	Molan	hmolan9x@google.de	Male	217.220.40.140
359	Mack	Cluer	mcluer9y@vkontakte.ru	Male	245.245.160.217
360	Bertrando	Jaeggi			133.17.231.85
361	Woodie	Treven		Male	85.220.52.23
362		Corpe	ycorpea1@salon.com	Male	82.193.144.47
363	Herminia	Scapens	hscapensa2@facebook.com		242.57.55.237
364	Dawna	Derges	ddergesa3@sogou.com	Female	
365	Constantino	Ashard	casharda4@yellowpages.com	Male	
366	Barbette	Keeri		Female	64.108.103.11
367	Simonette	Smoth	ssmotha6@lulu.com		68.152.175.246
	Linn	Malbon	lmalbona7@slideshare.net	Male	34.156.74.174
369		Hurch	churcha8@xrea.com		207.172.25.78
370	Gene	Fawkes	gfawkesa9@state.tx.us	Male	
371	Inigo	Salazar	isalazaraa@icio.us	Male	71.21.76.79
372	Lira	Bettridge		Female	
373		Rumbelow		Male	192.245.130.59
374	Sibella	Churchard	schurchardad@dailymotion.com	Female	
375		Wrighton	ewrightonae@youtu.be	Male	
376	Ossie	Cow		Male	183.125.232.162
377	Perren		pgudgionag@tiny.cc	Male	151.45.162.252
378	Bel			Female	122.178.133.51
379	Sebastiano	Wennington	swenningtonai@deliciousdays.com	Male	
380	Cedric	Rittmeier	crittmeieraj@bigcartel.com	Male	215.31.33.13
381	Lorrie	Euplate	leuplateak@weather.com	Male	5.154.105.78
382	Casar	Stathers	cstathersal@washington.edu	Male	246.107.232.195
383		Clowton	tclowtonam@redcross.org	Male	223.85.94.45
384		Moulson	dmoulsonan@tinyurl.com	Female	97.38.240.80
385	Rosella	Dupoy	rdupoyao@census.gov	Female	142.32.142.166
386	Skip	Emmens	semmensap@naver.com		206.106.113.29
	Aloysius	Boydon	aboydonaq@desdev.cn	Male	14.123.163.131
		Sidaway	lsidawayar@google.pl		148.245.137.70
389		MacCumeskey	tmaccumeskeyas@state.tx.us		24.139.163.195
390	Vilma	Redgrave	vredgraveat@storify.com	Female	
391		Waldren	kwaldrenau@nbcnews.com		180.122.90.28
392	Theo	Harrington	tharringtonav@cbsnews.com	Male	
	Israel	Thorlby	ithorlbyaw@taobao.com		
394		Kinahan	mkinahanax@gravatar.com	Male	
395	Jerrold	Rozenbaum	jrozenbaumay@dropbox.com		
396	Claiborne	Wapple	cwappleaz@last.fm	Male	30.180.29.41
397	Sean	Buckeridge	sbuckeridgeb0@jalbum.net	Female	
398	Phaidra		pwimlettb1@4shared.com	Female	138.75.88.90
399	Teodorico	Caught	tcaughtb2@moonfruit.com	Male	39.1.78.207
400	Tom	Paulucci	tpauluccib3@dell.com		201.90.169.216
401	Laurens		lbendixb4@fastcompany.com	Male	217.85.245.41
402	Elka	Olland	eollandb5@marketwatch.com		19.106.224.172
	Thorvald	Giannotti			232.84.143.112
404	Martie		mskermerb7@exblog.jp	Female	17.27.163.71
405	Harli	Rumke	hrumkeb8@vkontakte.ru		0.236.89.48
	Gerhardt	Birtwhistle	gbirtwhistleb9@goo.gl		170.116.81.150
	Berkly	Shotbolt	bshotboltba@chicagotribune.com		151.103.19.9
408	Rabi	Giovannacc@i	rgiovannaccibb@arizona.edu	Male	
409	Evyn	MacConnal	emacconnalbc@over-blog.com	Male	153.30.235.144
410	Jeffy	McIndoe	jmcindoebd@toplist.cz		216.62.219.48
411	Fredric	Olech	folechbe@pbs.org	Male	196.82.187.113
412	Devina	Shepland			
413	Babbie	Habbema	bhabbemabg@arizona.edu		215.240.171.111
414	Scarlet		ssallnowbh@sohu.com	Female	
415		Consadine	aconsadinebi@delicious.com	Female	62.135.195.8
416	Pauline	McKendry	pmckendrybj@netscape.com	Female	47.78.71.194
417	Augie	Keyes		Male	53.162.193.58
418	Ginger	Franks	gfranksbl@fotki.com	Male	83.229.51.184
419	Randie	Adamovsky	radamovskybm@photobucket.com		127.40.192.32
420	Mabelle		modombn@newyorker.com	Female	
	Isaak	Jeanon	ijeanonbo@businessweek.com		130.103.98.126
422	Dione	Corkitt	dcorkittbp@mtv.com	Female	203.175.147.236
423	Boone	Harborow	bharborowbq@lycos.com		131.146.182.139
424	Caryl	Currum	ccurrumbr@bbb.org	Male	31.34.222.130
425	Burnard	Hixley			159.238.7.139
426	Raven	Addison	raddisonbt@dailymail.co.uk	Female	21.24.58.229
427	Stafford	Cockitt		Male	248.54.96.230
428	Chicky	Launder	claunderbv@cocolog-nifty.com	Male	
429	Grange	Langhor	glanghorbw@simplemachines.org	Male	
430	Jose	Gonnin	jgonninbx@stumbleupon.com		214.42.191.242
431	Kathye	Iori	kioriby@tmall.com	Female	55.224.149.230
432	Kellen		kgislebertbz@zdnet.com	Male	119.150.203.221
433	Rosaline	Vaneev		Female	239.147.2.1
434		Conklin	bconklinc1@bloomberg.com	Male	87.159.186.65
435		Hovington		Female	
436	Justis	Fehely	jfehelyc3@posterous.com		
437	Gunter	Laurenceau		Male	243.206.5.114
438	Ronnica	Zamorrano	rzamorranoc5@uiuc.edu	Female	
439	Briney	Lindmark	blindmarkc6@nature.com	Female	63.210.66.73
440	Armando	Lieb	aliebc7@w3.org	Male	147.191.159.46
441	Kore	Cecely		Female	89.145.29.215
442	Ripley	Sybbe	rsybbec9@instagram.com	Male	158.42.120.188
443	Marlon	Siney	msineyca@ow.ly	Male	
444	Yurik	Pigne		Male	
445	Timotheus	Bassindale		Male	
446	Tomasina	Kelk	tkelkcd@delicious.com	Female	97.98.128.97
	Huntley	Jeyness			149.184.60.254
	Mead	Bramont	mbramontcf@sphinn.com	Male	101.20.65.145
449	Lawton	Hammand	lhammandcg@google.de	Male	
450	Winnifred	Bartell	wbartellch@shinystat.com	Female	13.44.164.3
451	Kalie	Cayet	kcayetci@fastcompany.com	Female	188.75.150.226
452	Barnabe	Spadollini	bspadollinicj@youku.com	Male	255.144.238.40
	Colby		ctabererck@bloomberg.com	Male	
454	Theodoric	Simoens		Male	82.58.44.230
455		Romeo		Female	198.225.107.186
		Ekins		Female	
457	Judd	Blaschek	jblaschekco@npr.org		
458	Brigitte		bhinchcliffecp@networksolutions.com	Female	68.148.20.105
459	Lemmy		lbaythropcq@seattletimes.com	Male	63.103.198.175
460	Ollie	Mariault	omariaultcr@huffingtonpost.com	Male	144.240.23.176
461	Nikolas	Hartle		Male	204.118.240.180
462	Yulma	Aizic	yaizicct@senate.gov	Male	167.246.69.113
463	Gianni	MacBean	gmacbeancu@nasa.gov	Male	
464		Sexten	psextencv@cafepress.com	Female	
465	Breanne		bisoncw@bandcamp.com	Female	19.213.220.159
466	Lucine	Pittet	lpittetcx@telegraph.co.uk	Female	147.13.0.39
467	Donny	Sowray	dsowraycy@360.cn		147.54.237.109
468		Rozycki	crozyckicz@plala.or.jp	Male	219.213.197.20
469	Ebba		esartend0@blogtalkradio.com	Female	19.210.109.215
470	Fletch	Webby	fwebbyd1@prnewswire.com		54.43.68.219
471		Hamstead	whamsteadd2@bbc.co.uk	Female	53.142.204.142
472	Tynan			Male	215.30.84.59
473	Farlay	Barford	fbarfordd4@tmall.com	Male	178.128.127.215
474	Randie	Mullins	rmullinsd5@jugem.jp	Male	72.166.63.252
475	Nari	MacEvilly	nmacevillyd6@hud.gov	Female	
		Legh		Male	192.192.40.245
	Blake	Dinning		Male	197.55.210.39
478	Udall		utwinboroughd9@ibm.com	Male	214.75.5.202
479		Thoday	lthodayda@sina.com.cn	Male	5.167.171.17
480	Sarah	Vinten		Female	155.244.37.158
481	Reynold	Beardsley	rbeardsleydc@guardian.co.uk	Male	243.153.179.28
482	Ana	Corain		Female	220.155.96.32
483	Lay	O'Crigan	locrigande@accuweather.com	Male	
484	Corine	Rowan	crowandf@wunderground.com	Female	218.16.83.94
485	Roby	Campbell	rcampbelldg@flickr.com	Female	95.177.57.61
486	Nelli	Raeside		Female	
487	Gian	Bulbeck	gbulbeckdi@usda.gov		77.170.164.219
488		Ayers	fayersdj@nasa.gov	Male	175.42.212.123
489	Orelee	Keunemann	okeunemanndk@rediff.com		
490	Baxter	Capewell	bcapewelldl@xing.com	Male	210.178.245.202
491	Carolus	Collelton	ccolleltondm@posterous.com	Male	122.204.134.0
	Horatia	St Clair	hstclairdn@nba.com		
493	Octavius	Ekless	oeklessdo@ebay.com	Male	222.73.134.100
494			smcaughtriedp@flickr.com	Male	223.215.243.50
495	Moritz	Bertholin	mbertholindq@people.com.cn		239.161.99.120
496	Douglas	Tarplee	dtarpleedr@cisco.com	Male	243.30.54.253
497	Corliss	Abernethy	cabernethyds@prlog.org		241.87.35.106
498	Randall	Welden			141.239.115.39
499	Mackenzie	Defty	mdeftydu@marriott.com		245.154.17.31
500	Shalne	Pereira		Female	192.170.80.72
501	Velma	Nono	vnonodw@nifty.com	Female	237.109.12.80
	Luz	Ianitti	lianittidx@sun.com		
503	Florette		fcroneydy@theatlantic.com	Female	251.82.66.191
504	Creight	Finnan	cfinnandz@gov.uk	Male	167.241.252.92
505	Cassie	Maybury			162.1.240.179
506	Malina	Dot	mdote1@google.ca	Female	97.253.8.133
507	Aime		alomasneye2@com.com	Female	205.66.212.32
508	Ewell	Hindes	ehindese3@tuttocitta.it	Male	92.215.53.84
	Trevor	Iacobucci		Male	207.8.215.243
510	Michel	Rasor	mrasore5@meetup.com		180.10.236.96
511	Duncan	Baumford	dbaumforde6@pagesperso-orange.fr		119.92.177.229
512	Felicdad	Palfrie	fpalfriee7@cbslocal.com	Female	
513	Bayard		bfirmagee8@yolasite.com	Male	182.104.52.63
514	Dickie	Starkings	dstarkingse9@oaic.gov.au	Male	
515	Jarrid	Pren	jprenea@vinaora.com		
516	Priscella	Andresser	pandressereb@vimeo.com		161.10.211.45
517	Gracie		gmugglestonec@noaa.gov	Female	
518	Fanchette		fczajaed@aboutads.info	Female	
519	Manny	Taunton.	mtauntonee@flickr.com		255.72.59.105
520	Brooke	Aumerle	baumerleef@newsvine.com	Female	84.244.79.73
521	Bronson	Pullin		Male	156.98.231.233
	Calhoun	Micka	cmickaeh@deviantart.com	Male	
523	Lonni			Female	89.70.149.232
524	Gracia	Lippard	glippardej@taobao.com	Female	90.35.222.217
525		Hasnney	shasnneyek@seattletimes.com	Female	
526	Julianna	Broughton			169.214.253.78
527	Catrina	Juden	cjudenem@wp.com	Female	102.80.122.254
	Nappy		nhambatchen@ovh.net	Male	195.32.56.150
529	Jarret	Van den Dael			130.85.73.22
530	Fleming		fbeebleep@slate.com		39.186.100.5
531	Correy	Arnolds	carnoldseq@ftc.gov		14.235.169.202
532	Brooke	Brinicombe	bbrinicombeer@newsvine.com	Female	
533	Salvatore		sshulveres@nationalgeographic.com	Male	
		Chalkly	schalklyet@webnode.com		
535	Neall		nsperingeu@digg.com	Male	141.179.241.216
536	Broderick		bandratev@ca.gov	Male	
537	Dorine	Gunning	dgunningew@reddit.com	Female	75.251.116.11
538	Syd		sparrotex@mashable.com	Male	125.126.4.57
539	Car	Kemmish	ckemmishey@omniture.com	Male	167.109.206.248
540	Tobye	McPhelimey	tmcphelimeyez@nytimes.com	Female	131.113.187.224
541	Rubina	Bakesef		Female	199.39.238.60
542	Saba		sbartloszf1@fema.gov	Female	117.69.121.99
543	Rickard	Bilston	rbilstonf2@nps.gov	Male	73.223.150.140
544	Keely	Brawn	kbrawnf3@sciencedaily.com	Female	44.31.248.75
545	Gabriell	Danovich	gdanovichf4@ycombinator.com	Female	74.201.119.115
546	Cammi			Female	
547	Meris	Boys	mboysf6@privacy.gov.au	Female	228.244.192.5
548	Imogene	Woollaston		Female	71.23.133.170
	Rock	Broek	rbroekf8@xrea.com	Male	
550		Dudman	edudmanf9@github.com	Female	36.40.104.177
551			dwattfa@yelp.com	Male	46.214.139.31
552	Meryl	Busain	mbusainfb@addtoany.com		141.48.13.107
553	Joey	Grabert	jgrabertfc@devhub.com	Female	
554	Loella	Wehner	lwehnerfd@paypal.com	Female	116.123.33.17
555	Andrej	Eckersall	aeckersallfe@goo.gl	Male	
556	Martina	Gadney	mgadneyff@economist.com		
557	Corie	Windless	cwindlessfg@php.net	Female	21.39.242.150
558	Addia	Easun	aeasunfh@amazonaws.com	Female	87.229.96.25
559	Windham	Buttel		Male	209.209.218.44
560	Bertine	Sherland	bsherlandfj@arizona.edu		61.64.21.9
561	Parry	Bernadot	pbernadotfk@netvibes.com	Male	
	Fulton	Vannuccini	fvannuccinifl@bbb.org		161.170.80.80
563	Cchaddie	Outram	coutramfm@usa.gov	Male	
564	Inigo	Hick	ihickfn@canalblog.com	Male	140.158.47.70
565	Lelia	Dumberrill	ldumberrillfo@mayoclinic.com		72.195.105.101
566	Aeriel	Fishleigh		Female	40.54.157.91
567	Niccolo	Malec	nmalecfq@earthlink.net	Male	
	Marcellus	Harmer	mharmerfr@topsy.com	Male	102.145.84.4
569	Kellia		kmaffionifs@soundcloud.com		222.101.250.76
570	Levi	Scottrell	lscottrellft@skyrock.com	Male	117.55.126.184
571		Pleavin	jpleavinfu@pbs.org	Male	66.177.11.41
572	Duncan	Paxton	dpaxtonfv@oakley.com		164.60.182.252
573	Waylen		wmazzillifw@trellian.com	Male	46.230.226.51
	Marga	Nuzzi	mnuzzifx@bbb.org		
	Ingunna	Henriet	ihenrietfy@loc.gov	Female	67.25.206.168
576	Billy	Sockell	bsockellfz@vkontakte.ru	Female	225.218.37.226
577	Nadine			Female	
578	Anneliese	O'Sheilds	aosheildsg1@icio.us		132.223.134.78
579	Lanie	Rowes		Male	29.188.49.159
580	Hubie	Eberts	hebertsg3@wunderground.com		
581	Hermon	Fansy	hfansyg4@economist.com	Male	220.180.180.165
582	Zelda	Waterhous	zwaterhousg5@miitbeian.gov.cn	Female	29.157.236.218
583	Kass	Piccop	kpiccopg6@wix.com	Female	
584	Zora	Forseith	zforseithg7@yahoo.com	Female	165.114.79.40
585	Fan	Cadell	fcadellg8@huffingtonpost.com	Female	119.4.213.80
586	Emmalee		edefilippisg9@china.com.cn	Female	
587	Marion	Abbate	mabbatega@list-manage.com	Male	
588	Marilyn		mraishergb@imageshack.us	Female	104.209.172.197
589	Giovanni	Peppard	gpeppardgc@tinyurl.com	Male	228.222.113.216
590	Brittney	Provis	bprovisgd@jalbum.net	Female	
591	Michele				223.218.182.134
592	Flor	Phelip	fphelipgf@vinaora.com		223.216.122.122
593	Aretha			Female	14.75.198.141
594	Jana	Thorndycraft	jthorndycraftgh@si.edu		
595	Clemmy	Ledster		Female	
596	Tybi	Ride	tridegj@myspace.com	Female	164.253.21.196
597	Dougie	Seth	dsethgk@123-reg.co.uk		113.27.239.45
598			vamblergl@wiley.com	Female	
599	Odessa	Gabbott		Female	87.240.24.120
600	Reed	Britcher	rbritchergn@bluehost.com		
601	Vaclav	Greenhill	vgreenhillgo@barnesandnoble.com	Male	
602	Kenny	Dongate	kdongategp@home.pl	Male	
603	Celia	Saxon	csaxongq@qq.com	Female	140.182.236.3
604	Riobard	Tiffany	rtiffanygr@friendfeed.com	Male	171.35.177.240
605	Jessi	Fell	jfellgs@devhub.com	Female	77.170.124.219
606	Ferguson	Kubicka			
607	Sashenka	Slane	sslanegu@nature.com	Female	189.37.156.48
	Junia	Stuehmeier	jstuehmeiergv@cnbc.com	Female	165.9.94.246
609	Beverie	Mattevi	bmattevigw@blinklist.com		239.34.117.239
610	Ardith	Staggs			202.255.227.253
611	Harriot	Davidou	hdavidougy@sfgate.com	Female	24.181.155.41
	Hyacinthe	Hughman	hhughmangz@cam.ac.uk	Female	122.61.76.144
613	Marcelia		mdobbinsh0@unblog.fr	Female	20.255.106.63
614			cverbekeh1@surveymonkey.com	Female	60.176.154.205
615	Jay	MacDunleavy	jmacdunleavyh2@smugmug.com	Male	
616	Marylou	Kippins		Female	
617	Codi	Armit	carmith4@1688.com	Male	104.122.71.229
618	Ginevra	Chaves	gchavesh5@dagondesign.com		249.84.250.197
619	Shamus	Moxted	smoxtedh6@livejournal.com		170.119.238.72
620		Lanceter	dlanceterh7@upenn.edu	Female	173.139.100.130
621	Jarret	Kigelman	jkigelmanh8@princeton.edu	Male	
622	Isabeau	Caldow		Female	136.234.24.207
623	Guido	Worboy		Male	
624	Wade	Marlor	wmarlorhb@cbsnews.com	Male	178.65.35.251
625		Barneville			10.27.187.172
626	Sandy	Wegenen	swegenenhd@mysql.com	Male	221.11.188.30
627		Andrichuk		Female	146.185.145.197
628	Blake	Maddison	bmaddisonhf@facebook.com	Female	254.212.219.251
629	Elvira		ecuthbertsonhg@about.com	Female	204.176.137.158
630	Rodolfo	MacKenney	rmackenneyhh@zimbio.com		7.150.169.130
631	Bronny	Leaney	bleaneyhi@msu.edu	Male	226.182.189.113
632	Alfonso	Birmingham	abirminghamhj@china.com.cn	Male	169.132.235.73
633	Ebba	Lagne	elagnehk@cdc.gov	Female	30.29.195.111
634	Siffre	Causer	scauserhl@desdev.cn	Male	115.206.235.151
635		Pepler		Male	8.251.221.29
636	Brewer	Ivanin	bivaninhn@wikipedia.org	Male	194.125.60.138
637	Raychel	Klehn	rklehnho@hc360.com	Female	
638	Marley		mpepperellhp@oakley.com	Female	226.118.59.53
639			ydansonhq@engadget.com	Male	117.99.196.39
640	Isacco	Joe	ijoehr@salon.com	Male	
641	Birdie	Ugoni	bugonihs@mozilla.com		103.68.106.2
642	Bail	Schouthede	bschouthedeht@photobucket.com	Male	
643	Rosemarie			Female	144.197.52.208
644	Gaylene	Tison	gtisonhv@cnbc.com	Female	109.203.85.30
645	Josh	Luparti	jlupartihw@last.fm	Male	83.35.66.52
646	Andris	Drakes	adrakeshx@hatena.ne.jp	Male	138.155.9.254
647	Barry	Dorking	bdorkinghy@uol.com.br	Male	68.199.135.77
648	Miles	Dargie	mdargiehz@wired.com		161.150.50.44
649	Agustin		adantonioi0@nydailynews.com	Male	
650	Sibyl	Gingel	sgingeli1@narod.ru	Male	
651	Lise	Matthai	lmatthaii2@sun.com	Female	227.216.196.145
652	Gerek		gockendeni3@mozilla.org		
653	Marijn	Kellitt	mkellitti4@parallels.com	Male	235.16.24.86
654				Female	92.243.100.187
	Corri	Bemand	cbemandi6@dropbox.com	Female	99.195.251.164
656	Mavra	Scowcroft	mscowcrofti7@nbcnews.com	Female	164.49.182.16
657	Eldridge	Tye		Male	246.212.136.25
658	Armstrong	Durrad	adurradi9@ow.ly	Male	179.184.20.125
659	Sandor	Dyott		Male	
660	Hussein	Biaggioli		Male	77.165.5.208
661	Ernst	Perton		Male	
662	Ilario	Wanjek			122.105.150.154
663	Celisse	Paolozzi			154.129.148.63
664	Town		tvaseyif@mac.com	Male	254.35.212.86
665	Percy	Startin	pstartinig@sitemeter.com	Male	201.162.175.94
666	Lezley	O'Nions	lonionsih@wp.com	Male	
667		Burg	vburgii@feedburner.com	Female	
668	Hillard	Tomisch	htomischij@businessweek.com		23.186.170.62
669	Creighton	Pitrasso	cpitrassoik@tmall.com	Male	
670	Panchito		psurgenoril@google.es		175.239.50.212
671	Kendrick	Daft	kdaftim@va.gov	Male	
672	Elijah		etalbyin@usda.gov	Male	168.176.82.195
673	Noe	Traill	ntraillio@liveinternet.ru	Male	
674	Emmey	Skivington	eskivingtonip@admin.ch	Female	
675	Nicolis	Marke		Male	201.227.27.2
676	Jarrad	Lay	jlayir@opera.com		146.8.215.103
677	Loy	Kondrachenko	lkondrachenkois@washington.edu	Male	189.208.147.202
678	Ellerey	Saphir	esaphirit@paginegialle.it	Male	57.229.246.4
679		Brownlow	fbrownlowiu@nifty.com	Female	74.72.217.227
680	Blake	Werlock		Male	
681		Cannavan	jcannavaniw@comsenz.com		244.68.107.196
682	Zebedee	Beament		Male	100.75.68.136
683	Vinnie				24.240.88.94
684	Kenny	Cocklin		Male	
685	Burton	Ivanchov	bivanchovj0@bizjournals.com	Male	82.143.48.200
686	Allie		ayakovichj1@gmpg.org		141.112.132.12
687	Lotta	Oxer	loxerj2@edublogs.org		241.6.107.183
688	Cymbre	Runsey		Female	
689	Rosabella	Loudon	rloudonj4@europa.eu	Female	245.159.39.254
690			itwinej5@dyndns.org	Male	117.24.70.101
	Rustin	Faragan	rfaraganj6@seattletimes.com	Male	94.77.61.156
692	Jesse			Male	
693		Signoret	csignoretj8@marketwatch.com	Female	29.30.40.137
694	Ewan	Dongate		Male	
695			rsilcockja@naver.com	Male	
696	Juliane	Genders	jgendersjb@apple.com	Female	61.196.153.36
697	Gauthier	Stovell	gstovelljc@nba.com	Male	13.44.51.52
698		McBrearty	rmcbreartyjd@google.ru		245.28.9.75
699	Erwin	McGibbon	emcgibbonje@comcast.net	Male	
	Marillin			Female	239.210.26.236
701	Stearne	Deeves	sdeevesjg@creativecommons.org	Male	29.192.105.66
	Guido	Yeend	gyeendjh@ameblo.jp	Male	24.128.58.247
703	Eleanor	Hevey	eheveyji@behance.net		
704	Sherm	Drable	sdrablejj@bluehost.com		
705	Berrie	Gilluley	bgilluleyjk@cornell.edu	Female	79.82.240.193
706	Mikaela	Camerana	mcameranajl@technorati.com	Female	
707	Hasty	Tinsey	htinseyjm@wiley.com	Male	77.208.167.78
708	Cirilo	Izon	cizonjn@cbc.ca	Male	25.250.75.28
709	Harp	Vanin	hvaninjo@elegantthemes.com	Male	88.220.97.250
710	Vernice	Seeds	vseedsjp@stanford.edu	Female	136.240.4.83
711	Bren	Mattevi	bmattevijq@e-recht24.de	Male	4.126.201.237
712	Tanner	Maseyk			
713	Katie	Edis		Female	
714	Ebonee			Female	96.223.121.48
715	Noemi				39.192.60.240
716	Ferris	Mabbutt			
717		Dyshart	ndyshartjw@usa.gov	Male	
718	Katrine	Pinches	kpinchesjx@comsenz.com		40.20.212.13
719	Luke	Radloff		Male	206.81.129.208
720	Nichols	Riccardelli	nriccardellijz@xrea.com	Male	224.64.20.47
721	Kilian		kkiosselk0@vkontakte.ru	Male	24.88.67.1
722	Evelyn	Attwood	eattwoodk1@stumbleupon.com	Male	182.207.113.121
723	Ginger	Hanshaw	ghanshawk2@wp.com	Male	211.247.203.115
	Alvera	Pottie	apottiek3@toplist.cz	Female	13.104.240.132
725	Yvor	Coot	ycootk4@dropbox.com	Male	87.155.218.194
726	Lucienne	Verick	lverickk5@squarespace.com		61.48.241.83
727			nredbornk6@linkedin.com	Female	176.1.136.6
728		Mignot	wmignotk7@cmu.edu	Male	41.46.37.185
729	Chancey	Charman	ccharmank8@ask.com	Male	88.29.138.35
730	Clementina	Goodie	cgoodiek9@alibaba.com		164.1.246.72
731	Wadsworth	Wroath		Male	
732	Rick	Hawkswell	rhawkswellkb@tuttocitta.it	Male	105.54.128.254
733	Bobbette	Dyball	bdyballkc@nba.com		27.179.35.120
734	Orville	McCromley	omccromleykd@ucsd.edu	Male	182.195.211.41
735	Winfred	Wyles			
736	Sher	Wisham	swishamkf@cocolog-nifty.com	Female	25.1.125.60
737	Florrie	Bromhead	fbromheadkg@reverbnation.com		122.105.170.148
738	Adelbert	Dmitrievski	admitrievskikh@php.net	Male	142.211.105.225
739	Elton		ereubleki@google.de		65.135.247.213
740	Massimo	Andres	mandreskj@ebay.com	Male	58.212.228.122
741		Babinski	sbabinskikk@state.tx.us	Male	116.52.139.89
742	Laurice	Lettuce	llettucekl@xrea.com	Female	104.174.55.22
		Warre	bwarrekm@hc360.com	Male	91.101.174.102
744	Bren	Ponceford	bponcefordkn@vk.com	Female	188.152.255.58
745	Cornie	Ilymanov	cilymanovko@webs.com	Male	
746	Roldan	Harkes	rharkeskp@time.com	Male	10.119.241.220
747			xklulicekkq@nature.com	Female	122.92.24.142
748	Hurleigh		hhoylandkr@rakuten.co.jp	Male	106.193.246.166
749	Murielle	Boliver	mboliverks@cnet.com	Female	
750	Koo	Guerro	kguerrokt@shinystat.com	Female	81.222.161.181
751		Bellas	ebellasku@naver.com		211.202.164.168
752	Dacia	Dunsford		Female	244.70.108.182
753		Burnsall	bburnsallkw@indiatimes.com	Female	
754	Nerissa	Degan			134.223.250.204
755	Ollie	Feild		Male	8.62.43.136
756	Sven	Minton	smintonkz@vkontakte.ru	Male	
757	Shaine	McDougal	smcdougall0@ted.com	Female	56.209.60.154
758	Onfre	Berthomier	oberthomierl1@ucoz.ru		197.47.159.238
759	Sterling	Woolnough	swoolnoughl2@xinhuanet.com	Male	112.169.160.68
760		Gisbourn		Male	37.85.53.206
761	Jermayne	Pringell	jpringelll4@google.co.jp	Male	77.44.40.170
762	Alis	Woodsford	awoodsfordl5@weebly.com	Female	
763	Loni	Heddan	lheddanl6@craigslist.org		
764	Bing		bdenisyukl7@cargocollective.com	Male	239.84.203.120
765	Gelya	Goody	ggoodyl8@google.pl	Female	176.103.151.177
766	Uriel	Fencott	ufencottl9@free.fr	Male	245.23.79.64
767	Noby	Pennick	npennickla@icq.com	Male	
768	Nessie	Tebb	ntebblb@tinypic.com	Female	115.19.143.81
769	Wade	Vanetti	wvanettilc@nytimes.com	Male	
770	Chucho	Fuggle	cfuggleld@alibaba.com	Male	
771	Phillipe	Sorrie		Male	18.10.16.182
772	Garrek			Male	94.172.19.117
773	Wendi	Kike	wkikelg@businessweek.com		19.234.138.222
774	Loralie		llegravelh@cbc.ca	Female	100.95.193.60
775	Wheeler	Regan	wreganli@marketwatch.com	Male	
776	Lela		laikenheadlj@rambler.ru	Female	69.65.30.148
777	Clemens	Reape	creapelk@stumbleupon.com	Male	168.223.207.198
	Nick		nciottoll@symantec.com	Male	
779		Andrew	gandrewlm@ted.com	Female	77.252.117.133
780	Ilka	Stanman	istanmanln@admin.ch	Female	201.159.36.180
781	Lea		leyreelo@nba.com	Female	168.135.204.7
782	Valentin	Hartzogs	vhartzogslp@free.fr	Male	243.212.20.140
	Vale	Fox	vfoxlq@pcworld.com	Male	
784	Ginelle	Maulden	gmauldenlr@java.com	Female	
785	Nadine	Lezemore	nlezemorels@msn.com	Female	
	Jillane	Gribbell	jgribbelllt@wsj.com		100.238.142.88
787	Marcellus	Wigginton		Male	
788	Gabey	Egdal		Female	121.138.170.83
789	Levin	Cabera	lcaberalw@eepurl.com	Male	
790	Rudolfo	Goodspeed		Male	154.154.198.235
791	Millicent	Anan		Female	
792		Money	dmoneylz@army.mil		56.105.148.194
793	Rosaline	Richfield	rrichfieldm0@discovery.com	Female	221.65.125.136
794	Alasdair				203.31.158.220
795	Hurlee	Sorel	hsorelm2@gov.uk	Male	33.75.253.221
796	Clement	Goulston		Male	226.217.205.130
797	Morgan	Klazenga	mklazengam4@furl.net	Female	1.71.61.12
798	Rosalia	Quakley	rquakleym5@163.com		
799	Jocelyn	Tayt	jtaytm6@huffingtonpost.com	Female	193.138.249.224
800	Stormi	Ridge		Female	153.142.180.44
801	Julianna	Filyukov	jfilyukovm8@naver.com	Female	
802	Humfrid	Varrow	hvarrowm9@msu.edu		1.215.160.59
803	Diarmid	Frensch	dfrenschma@so-net.ne.jp	Male	181.148.126.108
804	Torrence	Crangle		Male	24.252.51.71
805	Erskine		etawnmc@huffingtonpost.com	Male	57.211.76.129
806	Ardelis	Hallex	ahallexmd@scientificamerican.com	Female	20.97.110.191
807	Cosmo		cdarbyshireme@ycombinator.com		31.140.119.241
808		Bruff	kbruffmf@reddit.com	Male	
809	Stephi	Caudwell	scaudwellmg@mediafire.com	Female	
	Granger	Limbourne		Male	105.60.139.134
811	Jasmina	Krabbe	jkrabbemi@cargocollective.com	Female	59.15.157.117
812	Katine	Kingdon		Female	
813	Patin	Kinchin	pkinchinmk@purevolume.com	Male	168.90.9.51
814	Dorise	Ballefant	dballefantml@de.vu	Female	175.207.83.96
815	Langsdon	Hallas	lhallasmm@nhs.uk	Male	
816	Bill	Petigrew		Female	148.20.69.233
817	Cami	Donaho	cdonahomo@amazon.de	Female	84.156.123.186
818	Brnaby	Kleinzweig	bkleinzweigmp@ebay.com		82.128.148.192
819	Hewet	Deny	hdenymq@unc.edu		197.132.150.24
820	Leigh		lparysownamr@examiner.com		
821	Lind	Neising		Male	97.247.241.129
822	Jemmie	Haddington	jhaddingtonmt@redcross.org	Female	204.116.37.42
823		Neilands	aneilandsmu@ucoz.com	Male	
824	Juana	Dorkin	jdorkinmv@wordpress.org	Female	119.124.30.36
825	Dinah	Ellar	dellarmw@ox.ac.uk	Female	118.167.128.249
826	Ruby	Djokic		Male	193.112.184.124
827	Russell	Adamides	radamidesmy@japanpost.jp	Male	
828	Blondie	Lello	blellomz@123-reg.co.uk	Female	12.45.196.202
829	Marillin	Beeson	mbeesonn0@digg.com	Female	84.105.15.133
830	Bobinette	Whebell	bwhebelln1@usa.gov	Female	41.166.206.43
831	Cecile		clinguardn2@thetimes.co.uk	Female	
832		Padilla		Male	103.191.205.165
833	Dex	Nodes	dnodesn4@feedburner.com		166.221.83.136
834	Beverie	Tigwell	btigwelln5@livejournal.com	Female	
835	Sanson	Pugh	spughn6@woothemes.com	Male	
836	Merwyn	Deek	mdeekn7@mapquest.com		220.127.171.135
	Gabriele	Drache	gdrachen8@elegantthemes.com	Male	10.29.41.96
838	Damaris	Eard	deardn9@time.com	Female	18.168.120.185
839	Marge	Rissen	mrissenna@guardian.co.uk	Female	
840	Randell	Venn	rvennnb@answers.com	Male	251.233.220.64
841	Isabella	Maidment	imaidmentnc@paypal.com	Female	
842	Dalston	Attride	dattridend@so-net.ne.jp	Male	172.219.25.43
843	Efren	Gofton	egoftonne@rambler.ru	Male	207.41.46.99
844		Dibbin	tdibbinnf@dedecms.com		185.253.111.69
845	Lura	Lehrmann	llehrmannng@pcworld.com	Female	3.227.25.106
846	Hadlee	Collymore			
847	Algernon	Gillopp	agilloppni@facebook.com	Male	86.244.225.106
848	Chan	Plante		Male	
849		Dyas	fdyasnk@youku.com	Female	
850	Teresita	Delacourt	tdelacourtnl@w3.org	Female	5.5.95.108
851	Becky	Rieflin	brieflinnm@bizjournals.com	Female	166.147.201.154
852	Todd	Legon	tlegonnn@4shared.com	Male	
853	Marin		msimmersno@techcrunch.com		119.69.226.187
854	Ody	Scrivens	oscrivensnp@hatena.ne.jp	Male	
855	Norman	Corneliussen	ncorneliussennq@wikia.com	Male	138.143.194.147
856	Marty	Croall	mcroallnr@eventbrite.com	Male	232.96.3.161
857	Donielle	Gillio	dgillions@cdbaby.com		212.135.246.102
858	Essy	Jerred	ejerrednt@home.pl		
859	Bay	Jehu	bjehunu@infoseek.co.jp	Male	
860	Nikolaus	Stoak	nstoaknv@europa.eu	Male	67.24.187.31
861	Diane		dcoasternw@apache.org	Female	194.89.200.180
862	Shaw	Clousley	sclousleynx@wikimedia.org	Male	86.254.174.109
863	Eziechiele		ejurickny@fastcompany.com	Male	239.122.39.116
864	Ardyce	Cowburn	acowburnnz@wikipedia.org	Female	
865	Josepha	Ovesen	joveseno0@meetup.com		156.143.223.154
866	Kendall	Bedson	kbedsono1@mozilla.com	Male	
867	Hildy	Gallaccio			25.161.170.21
868	Valene	Gidney	vgidneyo3@tamu.edu	Female	
869	Else	Lamerton	elamertono4@bloglines.com	Female	55.2.149.119
870	Arel	Kilvington	akilvingtono5@mayoclinic.com	Male	52.147.74.67
871	Corrie	Vanlint	cvanlinto6@is.gd		
872		Daws	hdawso7@cnet.com	Male	153.178.30.94
873	Iona	Siaspinski			146.184.16.58
874	Jori	Jorden		Female	
875		Cottam	dcottamoa@hugedomains.com	Female	
876	Webb	Sponer	wsponerob@dailymail.co.uk	Male	
877	Baillie	Duiguid		Male	168.140.66.87
878	Ambrosius	Boij	aboijod@shareasale.com	Male	24.230.101.236
879	Hobey	Churchlow	hchurchlowoe@squidoo.com	Male	228.107.60.136
880		Garnsey	tgarnseyof@latimes.com	Male	31.34.198.139
881	Leicester			Male	2.246.23.100
882	Ronni	Prujean	rprujeanoh@huffingtonpost.com	Female	98.159.169.155
883	Timi	Craythorne	tcraythorneoi@amazon.com	Female	177.33.207.151
884	Bram	Idwal Evans	bidwalevansoj@ifeng.com	Male	
885	Lexy		lgreeneok@smh.com.au	Female	233.167.224.142
886	Ryon	Lisimore	rlisimoreol@wix.com	Male	
887	Guthrey			Male	176.50.7.177
888	Lenee		lbartalinion@google.com.br	Female	255.1.44.67
889	Othelia	Passion	opassionoo@marketwatch.com		
890	Washington	Goodwell	wgoodwellop@wisc.edu	Male	123.254.194.70
891	Revkah	Birkenhead	rbirkenheadoq@tmall.com	Female	
	Alister		agoodor@etsy.com	Male	227.208.23.50
893	Dre	Brosi		Female	242.153.184.247
894	Starla	Danilyuk	sdanilyukot@facebook.com		72.29.217.36
895	Thatcher	Cressingham	tcressinghamou@netscape.com		116.166.142.89
	Shela			Female	70.102.237.103
897	Anett	Diamond	adiamondow@amazon.co.uk	Female	115.169.161.253
898	Pat	Brands	pbrandsox@51.la	Male	187.68.115.73
899	Staffard	Emloch	semlochoy@vimeo.com	Male	122.115.227.135
900		Lochead	flocheadoz@google.com		174.114.53.69
901	Meyer	Yanshinov	myanshinovp0@ask.com		147.20.134.26
902	Heidi	Gommes		Female	
903	Renato		rbartoszekp2@army.mil	Male	219.241.106.209
904	Sargent	Totaro	stotarop3@gov.uk	Male	
905	Farlay	Sallis	fsallisp4@skype.com	Male	
906	Lorenzo	Casiroli	lcasirolip5@cnbc.com		
907	Kaylyn	Kempton		Female	
908	Hans	Mellows	hmellowsp7@mtv.com		18.132.116.12
909		Willingam	cwillingamp8@nifty.com	Female	21.26.140.206
910	Connie	Taunton	ctauntonp9@prlog.org	Male	37.150.195.235
	Brandice	Ramage	bramagepa@adobe.com	Female	
912	Lorin	Ritch	lritchpb@icq.com	Male	
913	Lexie	Gouldbourn	lgouldbournpc@wp.com	Female	59.49.196.91
914	Isacco	Klosges	iklosgespd@mysql.com	Male	
915	Malchy	Fiorentino		Male	
916	Nicky	Blabber	nblabberpf@disqus.com	Male	251.30.21.36
917	Vaughan	Gobat		Male	195.23.20.35
918	Bertrand	Ghiroldi	bghiroldiph@lycos.com	Male	176.15.27.70
	Darius	Shailer		Male	203.241.146.39
920	Kellyann	Abbis	kabbispj@engadget.com	Female	4.152.251.84
921	Elvyn		ebamlettpk@deviantart.com	Male	34.119.126.66
922		Southam		Male	
923	Bettye	Glendza	bglendzapm@ft.com	Female	
924	Berenice	Duffield	bduffieldpn@indiatimes.com	Female	98.215.212.162
925	Timofei			Male	
926	Krissie	Scranney	kscranneypp@ehow.com		
927	Jaquelin	Mitchener	jmitchenerpq@epa.gov	Female	198.76.40.111
928	Hobey	Skipper	hskipperpr@chicagotribune.com	Male	176.152.65.111
929	Meggi	Waller-Bridge	mwallerbridgeps@bbc.co.uk	Female	137.36.107.179
930	Fairlie	McGucken	fmcguckenpt@nsw.gov.au	Male	240.60.28.197
931	Jonis	Blazi	jblazipu@irs.gov	Female	
932	Monty		msivilpv@google.es		68.174.72.252
933	Trace	Seath	tseathpw@sitemeter.com	Male	28.147.131.235
934	Perry	Pethick	ppethickpx@i2i.jp	Male	121.128.134.183
935		Szymczyk	nszymczykpy@theatlantic.com	Male	158.73.68.96
936	Normy	Greenlies		Male	100.33.30.180
937	Thom	Crookshanks	tcrookshanksq0@xinhuanet.com	Male	244.114.160.146
938	Loy	Worsfield	lworsfieldq1@wordpress.org		
939	Tildie	Arnaudin	tarnaudinq2@tinypic.com	Female	83.65.200.84
940		Gabits	lgabitsq3@bigcartel.com	Female	33.57.53.195
941	Gay	Bunn	gbunnq4@barnesandnoble.com		104.104.108.246
942		Hallin	jhallinq5@cyberchimps.com	Male	119.23.124.223
943		Hebson	thebsonq6@desdev.cn	Male	194.156.48.111
	Chevalier	Gillice	cgilliceq7@myspace.com	Male	219.69.162.3
945	Anthiathia	Gormally	agormallyq8@toplist.cz	Female	147.238.72.227
946	Rutger	Gaveltone	rgaveltoneq9@nyu.edu	Male	
947	Torre	Maliphant	tmaliphantqa@un.org		163.157.112.2
948	Zea		zgaulerqb@tinypic.com	Female	151.227.26.40
949	Elicia	Faircley	efaircleyqc@squidoo.com		119.46.34.164
950	Melodee	Boulds	mbouldsqd@hc360.com	Female	
951	Devin	Keiling	dkeilingqe@gnu.org	Female	90.127.228.137
952	Nowell	Earl	nearlqf@ucoz.com	Male	164.111.162.95
953	Ilario	Rizzotto			147.8.78.116
954	Sallie	MacRirie	smacririeqh@flavors.me	Female	64.174.65.22
955	Channa	Ecclestone	cecclestoneqi@networkadvertising.org	Female	140.46.141.126
956	Bambi	Squier	bsquierqj@ucsd.edu	Female	
		Pancoast	zpancoastqk@wisc.edu		201.169.220.11
958	Denney	Coverlyn	dcoverlynql@reddit.com	Male	
959	Issy	Bleackley	ibleackleyqm@taobao.com	Female	255.225.110.43
960	Roxine	Grangier	rgrangierqn@yandex.ru		224.196.119.145
	Davide	Leads	dleadsqo@facebook.com	Male	166.214.65.18
962	Ethelred	Bulleyn	ebulleynqp@seattletimes.com	Male	2.93.170.174
963	Fifi	Seer	fseerqq@europa.eu		51.105.217.70
964	Ezekiel	Howsin	ehowsinqr@delicious.com		143.143.169.146
965	Allen	Pietasch		Male	114.55.242.12
966	Cordy	Piell	cpiellqt@indiatimes.com	Female	
967	Erick	Rentenbeck	erentenbeckqu@moonfruit.com	Male	222.224.80.211
968	Ardella		apetrasqv@senate.gov	Female	
969	Colby	Danbrook		Male	145.87.79.243
970	Chelsey	Brookes	cbrookesqx@skype.com	Female	
971		Gwyllt	sgwylltqy@ustream.tv	Male	132.127.223.250
972	Hanny	Fall		Female	
973	Fair	Matejka	fmatejkar0@1688.com		75.66.242.126
974	Johann			Male	
	Gareth	Biggadyke		Male	164.93.163.69
976	Eal	Jansey	ejanseyr3@people.com.cn	Male	
977		Fareweather	hfareweatherr4@bluehost.com		241.139.98.63
978			jleggr5@techcrunch.com	Male	240.195.93.218
979	Fairlie	Lawless	flawlessr6@t-online.de	Male	19.181.166.45
980	Ceciley		cpaschker7@va.gov	Female	3.96.51.3
	Stavros	O'Dougherty		Male	41.142.37.49
982	Lou	Wegenen	lwegenenr9@microsoft.com	Female	
983		Brogiotti	ybrogiottira@scientificamerican.com	Female	192.7.76.174
984	Angy	Jollye		Female	176.204.174.25
985	Erie	Niland	enilandrc@photobucket.com	Male	165.167.160.163
986	Omero	Philcock	ophilcockrd@printfriendly.com		184.189.31.208
987	Pyotr	Houseman	phousemanre@foxnews.com	Male	101.104.182.215
988	Doria	Eland	delandrf@amazonaws.com	Female	
989	Theo	Vaszoly	tvaszolyrg@thetimes.co.uk	Male	69.102.162.252
990	Trixie	Giovannazzi	tgiovannazzirh@npr.org	Female	217.82.98.50
991		Gilvear	jgilvearri@goo.gl	Female	
992	Mord	Tubridy	mtubridyrj@cnbc.com	Male	
993	Creigh	McNalley	cmcnalleyrk@google.es		96.176.55.253
994	Kamillah	Harriman	kharrimanrl@gmpg.org	Female	
995	Clay	Symons	csymonsrm@theguardian.com		233.26.33.156
996	Gilberta	McCaw	gmccawrn@toplist.cz	Female	46.160.26.169
997	Datha	Reame	dreamero@ucoz.com	Female	50.31.194.103
998	Gianni	Temlett	gtemlettrp@tmall.com	Male	
999	Harmon	Carlett	hcarlettrq@army.mil	Male	230.120.191.32
1000	Savina	Capron	scapronrr@prlog.org	Female	252.119.200.53