id	first_name	last_name	email	gender	ip_address
1		Orae	aorae0@google.com.br	Male	
2	Sig	Duffil			
3	Hillyer		hbeard2@tripod.com	Male	42.235.85.114
4	Sherrie	Berzons	sberzons3@cbslocal.com		190.181.60.34
	Emily	Cakebread	ecakebread4@desdev.cn	Female	146.87.182.74
6	Alvie	Columbell	acolumbell5@wunderground.com	Male	82.115.67.144
7	Geri	Eddisford	geddisford6@biblegateway.com		
8		McLorinan			238.111.19.31
9	Stevy	Seaborn	sseaborn8@miitbeian.gov.cn		144.9.17.243
10	Creigh	Lismore	clismore9@aol.com	Male	139.16.182.107
11	Jade	Bramall			28.76.112.135
12	Cacilia	Tubritt	ctubrittb@ameblo.jp	Female	181.171.56.41
13		Bernhardt	kbernhardtc@newyorker.com	Female	210.212.50.115
14	Emilia	Miell	emielld@rakuten.co.jp	Female	
15		Hutcheons	jhutcheonse@netlog.com	Female	
16		Emor	lemorf@wufoo.com	Female	243.27.194.199
17	Kaila	Summerside	ksummersideg@e-recht24.de	Female	
18	Lowe			Male	
19	Melinda	Gilbard	mgilbardi@spotify.com	Female	193.155.197.133
20	Bliss	King		Female	
21	Tally		tshakshaftk@dyndns.org	Male	123.132.152.247
22	Jayme		jnormanvillel@ebay.co.uk		85.32.90.216
23		Niccolls	iniccollsm@wordpress.org	Female	25.197.19.12
24	Liliane	McGloin	lmcgloinn@yahoo.co.jp		
25	Amos	Albertson		Male	228.77.131.233
26	Vaughan	Favell	vfavellp@constantcontact.com	Male	39.238.126.212
	Katee	Enrique		Female	117.194.113.228
28	Brigida		bcicconettiir@squarespace.com	Female	95.253.176.17
29	Forester		fmughals@narod.ru	Male	179.9.164.135
30	Sandor	Willard	swillardt@un.org	Male	135.152.191.162
31	Dominic	Cornbell	dcornbellu@typepad.com	Male	15.225.238.111
32	Melanie	Bowich	mbowichv@omniture.com	Female	238.149.151.17
33	Annalise	Wolfe	awolfew@webnode.com		242.247.240.43
34	Stormy	Logue	sloguex@addtoany.com	Female	
35	Odilia	Khadir	okhadiry@umich.edu	Female	
36	Nicolle		nvizez@yahoo.co.jp	Female	44.15.68.252
37	Terri	Braycotton	tbraycotton10@infoseek.co.jp	Female	
38	Liz	Marieton	lmarieton11@unc.edu	Female	243.237.156.233
39	Pennie	Treher	ptreher12@theglobeandmail.com	Female	205.141.8.102
40	Judas	MacKartan	jmackartan13@oakley.com	Male	123.99.238.35
41	Hernando	Blouet	hblouet14@stumbleupon.com	Male	216.251.40.187
42	Gelya		gmcvrone15@behance.net		
				Male	
44	Vidovic	Emmitt	vemmitt17@sitemeter.com	Male	
45	Josie		jrosenzwig18@joomla.org	Female	
46	Cchaddie	Gravenall		Male	23.62.212.117
	Rosco	Hillan	rhillan1a@twitter.com	Male	
48	Lawton	Littlejohn	llittlejohn1b@gmpg.org		114.8.108.242
49	Hobey	Eddington	heddington1c@jalbum.net	Male	3.127.22.232
50	Erick	Whiffin		Male	125.184.240.6
51	Jami	Jull	jjull1e@go.com		75.177.2.78
52	Gabriell	Ragbourne		Female	154.220.95.242
53	Tildi	Megahey		Female	49.139.229.231
		Giovanni	pgiovanni1h@tripadvisor.com	Male	
55	Ashly	Johnsee	ajohnsee1i@1688.com	Female	
56	Franny	Di Francecshi	fdifrancecshi1j@printfriendly.com	Female	143.99.140.69
57	Britney	Hatherley	bhatherley1k@hc360.com	Female	
58		Kenright	kkenright1l@mtv.com	Male	
59	Cassandra	Breacher	cbreacher1m@businessinsider.com	Female	199.13.94.226
60	Georgina	Josephov			
61	Kristine	Aitken	kaitken1o@acquirethisname.com	Female	119.239.177.124
62	Barr	Coventon		Male	16.36.212.119
63	Lou		lmonkhouse1q@yellowbook.com	Female	203.235.25.52
64	Kelcie	McCloch	kmccloch1r@webs.com	Female	237.197.190.165
65	Clerissa	De Andreis		Female	12.225.140.87
66	Lory				
67	Kiel	Stowe	kstowe1u@phpbb.com	Male	39.175.229.88
68	Allayne	Lung	alung1v@hostgator.com	Male	40.104.92.142
69	Artemus		ahefferan1w@behance.net	Male	
70	Selma		schapelhow1x@amazon.co.jp	Female	
71	Karel	Papps	kpapps1y@devhub.com	Female	175.141.38.151
72	Jayme	Dalgarno	jdalgarno1z@taobao.com	Male	153.199.177.72
73	Remus	Pycock			46.38.86.34
74	Ulrike		uthurber21@chronoengine.com	Female	223.158.47.138
75	Whitby		wkobiera22@vk.com	Male	225.159.18.94
76	Stewart	Rubens	srubens23@wiley.com	Male	
77	Herrick		hhowroyd24@vkontakte.ru	Male	
78	Conrado		ctomankiewicz25@163.com	Male	
79	Caty	Cruikshank		Female	124.86.1.182
80	Oliviero	Auchterlonie			2.170.121.1
81		De Roos	rderoos28@xing.com		72.92.215.136
82	Kessiah	Cashin	kcashin29@lulu.com	Female	
83	Hervey	Minter	hminter2a@columbia.edu		
84	Betsey	Pashley	bpashley2b@patch.com	Female	
85	Bernadine	Everill		Female	238.94.24.108
86	Cristine	MacCarter	cmaccarter2d@vistaprint.com	Female	186.85.114.132
87	Mathe		mdelong2e@xing.com	Male	124.36.249.189
88	Tressa	Thynne	tthynne2f@4shared.com		
89	Erhard	Rounsivall		Male	
90	Opalina	Earpe	oearpe2h@furl.net	Female	53.31.48.228
91	Cecilius	Matic	cmatic2i@answers.com	Male	
92	Lilyan	Dominetti		Female	
93	Estella		erountree2k@plala.or.jp	Female	
94	Quintana		qharsant2l@aboutads.info	Female	141.248.123.229
95	Daniele	Meadows	dmeadows2m@bravesites.com	Female	237.97.36.57
96	Tracey			Male	176.121.237.60
97		Chesnay	gchesnay2o@elpais.com		166.128.12.154
98	Gillie	Canadas	gcanadas2p@spiegel.de	Female	5.126.114.124
99	Duncan	Blood	dblood2q@sakura.ne.jp		86.192.0.32
100		Navarre	cnavarre2r@surveymonkey.com	Male	190.219.93.93
101	Pauletta		pjulyan2s@shareasale.com	Female	107.178.35.148
102	Christyna	Boam	cboam2t@cafepress.com	Female	247.136.51.108
103	Stacy	Valder	svalder2u@yandex.ru	Male	
104	Bard	Westwood	bwestwood2v@alexa.com	Male	182.94.104.181
105	Thorin	Crock	tcrock2w@webmd.com		107.21.222.26
	Giorgia			Female	191.4.224.227
107	Alonso	Lambertazzi	alambertazzi2y@feedburner.com	Male	
108	Richart	Toplis	rtoplis2z@amazon.co.uk		175.133.102.170
109	Dolley	MacKeever	dmackeever30@goo.ne.jp		
	Gustavus	Fayre		Male	12.196.144.235
111	Yehudit		yzaczek32@fastcompany.com	Male	240.179.167.164
112	Byron	Bucknall	bbucknall33@fema.gov		131.87.149.184
113	Hannah	Trebilcock	htrebilcock34@blogtalkradio.com	Female	217.175.236.227
114	Aila	McCart			207.109.78.134
115	Sigismond	Hatliff	shatliff36@flavors.me	Male	159.216.93.187
116		Datte	edatte37@constantcontact.com		
117	Lexine	Vampouille			231.160.20.215
	Benita	Ausello	bausello39@sciencedaily.com	Female	
119	Marcile	Timoney		Female	
120		Coatman		Female	139.43.48.79
121	Isaak	Hourihan	ihourihan3c@t.co	Male	199.148.25.5
	Dimitry	Freyn	dfreyn3d@tiny.cc	Male	
123		Scothern	lscothern3e@eepurl.com	Female	
124	Bartholomeo	Sudddard	bsudddard3f@macromedia.com		
	Georgena		gspanton3g@indiegogo.com	Female	67.245.131.213
126	Giacobo	Labram		Male	140.30.43.177
127		Crowhurst	mcrowhurst3i@sina.com.cn	Male	151.85.22.179
128		Dodding	jdodding3j@fotki.com	Male	160.236.171.125
129	Perren	Kaszper	pkaszper3k@disqus.com	Male	175.205.81.248
130	Alessandro	McMakin	amcmakin3l@google.de	Male	103.154.4.222
131		Wassell	cwassell3m@linkedin.com	Male	171.211.37.217
132	Jeanne	Adamec		Female	83.201.248.62
133	Alford	Kubatsch		Male	182.137.127.38
134	Fawn		fcreane3p@yelp.com	Female	66.7.185.213
135	Davey	Eglaise		Male	
136	Ivie	Spottswood	ispottswood3r@netlog.com	Female	43.60.59.64
137	Kathi		kdeaves3s@booking.com	Female	182.192.59.91
138	Kizzie	Bichard	kbichard3t@sciencedirect.com	Female	71.22.229.222
139	Garfield			Male	69.242.23.188
140	Julie	Inskipp	jinskipp3v@ebay.co.uk	Male	221.173.226.112
141	Hally	Jaqueme	hjaqueme3w@wisc.edu	Female	
142	Paola	Brumham	pbrumham3x@eventbrite.com	Female	219.31.152.54
143	Donal	Dummigan		Male	147.230.8.34
144	Skelly	Kleinholz	skleinholz3z@ow.ly		101.56.146.229
145	Lock	Zute	lzute40@ifeng.com	Male	236.206.194.166
146	Ailee	Bailiss	abailiss41@vinaora.com		88.229.46.28
147	Koren	Jakucewicz	kjakucewicz42@symantec.com	Female	254.77.41.53
148	Ardyth	Pierri	apierri43@abc.net.au	Female	
149	Lauren			Male	201.35.71.32
150		Lawrence	olawrence45@uiuc.edu		240.52.15.15
151	Bobby			Male	202.133.50.139
152	Tuesday	Losel	tlosel47@timesonline.co.uk	Female	
153	Elga		ebrunini48@mapquest.com		
		Dobell	tdobell49@house.gov	Male	232.2.165.167
155	Nissy	Legrand	nlegrand4a@xrea.com	Female	
156	Kayle	Dannehl	kdannehl4b@bluehost.com		71.241.9.139
157		Rounding	brounding4c@chronoengine.com	Female	175.252.212.16
158	Byrann	McCuaig	bmccuaig4d@free.fr	Male	252.81.240.198
159	Ailsun	Widdowfield		Female	123.113.153.79
160	Lydia	Taree	ltaree4f@elegantthemes.com		90.70.189.91
161	Matthew	Upshall	mupshall4g@time.com	Male	224.57.66.176
162	Jeffry	Gerge	jgerge4h@wufoo.com	Male	50.16.117.233
163	Georgine	Gini	ggini4i@cornell.edu		254.193.42.155
164	Hussein	O'Fergus	hofergus4j@myspace.com		72.225.130.106
165	Briney			Female	202.139.156.224
166	Viviyan		vboss4l@istockphoto.com	Female	9.88.21.126
167	Sax		smaides4m@samsung.com	Male	175.180.72.99
168	Angus	Silbersak	asilbersak4n@loc.gov	Male	
169	Kyle	Messer,	kmesser4o@amazon.co.jp	Female	94.157.220.107
170	Brinn	Oiseau	boiseau4p@cargocollective.com		
171	Lula	Bellay	lbellay4q@slate.com	Female	255.78.157.128
172	Darcey	Ryles	dryles4r@goodreads.com		28.29.94.184
173	Ado	Tulloch		Male	
174	Roosevelt	Wheatcroft	rwheatcroft4t@dion.ne.jp	Male	122.163.38.124
175	Angeline	Orrey	aorrey4u@t-online.de		208.125.188.83
176	Charla		cdepietri4v@buzzfeed.com	Female	100.166.18.212
177	Cindee	Grouer			165.159.45.107
178	Hailee		hbole4x@wisc.edu	Female	
179	Fraser			Male	109.245.68.7
180	Thomasine	Dickerson	tdickerson4z@dailymail.co.uk	Female	
181	Georgianna	Gildea			
182					
183	Emlyn	Shreenan	eshreenan52@google.ca	Male	
184	Cob	Palethorpe	cpalethorpe53@whitehouse.gov		100.202.102.28
185	Artair	Wildman	awildman54@1und1.de	Male	128.207.56.152
186	Wenona	Fidal	wfidal55@google.es		88.23.133.84
187	Dewain	Oag	doag56@ustream.tv	Male	
188	Jerry	Tandy	jtandy57@kickstarter.com	Female	
189	Luca	Farfolomeev	lfarfolomeev58@state.gov	Male	226.82.251.174
190	Sherilyn	Sherewood	ssherewood59@blogtalkradio.com	Female	
191	Jacquelyn	Anscott	janscott5a@w3.org	Female	119.74.124.197
192	Ambur	Huxster	ahuxster5b@economist.com	Female	
193	Danette	Longstaff	dlongstaff5c@dot.gov	Female	112.70.240.212
194	Penni				
195	Lisle	Slocket	lslocket5e@amazon.co.jp	Male	236.205.216.157
196	Adora	Dran	adran5f@accuweather.com		239.232.167.12
197	Maynord	Mattacks	mmattacks5g@boston.com		213.139.80.126
198	Skipton	Moorey	smoorey5h@nymag.com	Male	
199	Gav	Burbudge	gburbudge5i@diigo.com	Male	85.240.171.239
200	Davey	Skally	dskally5j@bandcamp.com		236.41.152.230
201		Sharpus		Female	
202	Chloe	Marcos			203.255.158.45
203	Winnie	Lawson	wlawson5m@rediff.com		
204	Aleen		agiblin5n@4shared.com	Female	45.84.215.170
205	Irina	De Vile	idevile5o@adobe.com		
206	Emalee		esuddock5p@senate.gov	Female	142.167.189.87
207	Osbourne	Copeland	ocopeland5q@slideshare.net		56.146.182.10
208	Meredith	Sweetman		Male	
209	Rosalind		rhapps5s@canalblog.com		
210	Roscoe	Ever	rever5t@g.co	Male	232.151.54.228
211		Reijmers	ereijmers5u@twitpic.com	Female	27.190.139.53
212	Der				215.240.202.76
213	Henry	Gildersleaves	hgildersleaves5w@shareasale.com		163.220.93.119
214	Toby	Delf	tdelf5x@istockphoto.com	Female	2.239.211.55
215	Tine		tblazhevich5y@nba.com		223.72.178.211
216	Binny	Muirden	bmuirden5z@unblog.fr		240.55.167.253
217	Kennan	McGillivray	kmcgillivray60@squarespace.com	Male	
		Beatty	tbeatty61@feedburner.com		39.98.51.130
219	Gherardo	Torrijos	gtorrijos62@smh.com.au	Male	
220	Isabeau	Mielnik	imielnik63@github.io	Female	
221	Randie	Bellhouse	rbellhouse64@forbes.com	Male	50.85.239.117
222	Donall	Gowing			31.249.1.167
	Xymenes			Male	154.108.83.255
224	Jeanna	Wigmore	jwigmore67@blogspot.com		100.168.68.207
225	Wyatan	Blasing	wblasing68@instagram.com	Male	190.12.68.84
226	Geoffrey	Scyner	gscyner69@acquirethisname.com	Male	66.85.102.180
227	Annamarie	Farney	afarney6a@bing.com	Female	127.255.71.109
228	Denys	Krale	dkrale6b@dyndns.org	Female	78.209.16.165
229	Jodie	McKendo	jmckendo6c@jimdo.com	Male	53.146.56.151
230	Patrice	Shovell	pshovell6d@cbc.ca	Male	29.49.224.109
231	Rhodie	Reilinger	rreilinger6e@people.com.cn		32.98.220.138
232	Janeen	Najara	jnajara6f@utexas.edu		
233	Brade	Darrach	bdarrach6g@cdc.gov	Male	185.165.255.113
234		Drable	ddrable6h@infoseek.co.jp	Male	
235	Joell	Ranking	jranking6i@usda.gov	Female	199.228.120.136
236	Dyanne	Beckett	dbeckett6j@dyndns.org		14.225.139.164
237	Sib	Griffitt	sgriffitt6k@shareasale.com	Female	
238	Helyn	Jina			188.126.64.13
239	Becky		bjosifovic6m@ucsd.edu	Female	163.147.195.209
240	Vincenz	Reach	vreach6n@e-recht24.de	Male	133.233.10.97
241	Finlay	Matijasevic	fmatijasevic6o@intel.com	Male	
242	Alwin	Knappe	aknappe6p@nydailynews.com	Male	214.122.90.211
243		Giorgetti	rgiorgetti6q@surveymonkey.com		134.220.66.152
	Donall	Durning		Male	
245	Monroe		mlambden6s@usnews.com	Male	
246	Roderick	Stanyland			75.91.192.177
247	Godwin		gjefferies6u@cyberchimps.com	Male	
248				Female	72.195.228.156
249	Merill	Trounson		Male	
250	Adoree	Kubas	akubas6x@a8.net	Female	53.25.176.246
251	Prentice	Luthwood	pluthwood6y@netscape.com	Male	
252	Scarlet	Fishley	sfishley6z@indiatimes.com		201.170.96.254
253	Norrie	Claesens	nclaesens70@toplist.cz	Male	
254	Konstance	Bunford	kbunford71@va.gov		54.166.159.64
255	Fonzie	Temby	ftemby72@webmd.com	Male	54.3.96.236
256		Guirau	jguirau73@washington.edu	Male	12.181.179.230
	Lazaro	Crennell	lcrennell74@cargocollective.com	Male	39.211.224.216
258	Curt	Boullen	cboullen75@time.com		131.182.8.157
259	Tamma	Maffin	tmaffin76@delicious.com	Female	
260	Blake		bhubble77@slashdot.org	Male	103.215.254.100
261	Tilly	Quarles	tquarles78@pcworld.com	Female	205.83.237.224
262	Wendeline	Sinisbury	wsinisbury79@twitter.com	Female	
263	Madalena	Cruickshank	mcruickshank7a@columbia.edu	Female	177.228.65.56
264	Fiona	Kenny	fkenny7b@tinypic.com		124.143.202.39
265	Erinn	Lifsey	elifsey7c@washington.edu		84.154.86.236
266	Dina	Glowacha	dglowacha7d@creativecommons.org	Female	161.84.59.172
267	Jackie	Tilley	jtilley7e@accuweather.com	Female	
	Leticia	Cleworth			216.60.102.245
269	Daloris	McGinney	dmcginney7g@patch.com	Female	212.7.15.204
270	Abbey	Thys	athys7h@pen.io	Male	
271	Zorah	Earsman	zearsman7i@etsy.com		21.71.249.42
272	Benedict	Sands-Allan	bsandsallan7j@unicef.org		30.8.83.183
273	Hugues	Merriman	hmerriman7k@addtoany.com		72.243.186.111
274	Sollie	Gregor		Male	127.74.164.242
275	Alejoa	Follows	afollows7m@microsoft.com	Male	
276		Lemm	alemm7n@livejournal.com	Male	
277	Ines	Biaggetti			
278	Guthry	Lemary	glemary7p@creativecommons.org	Male	146.28.104.209
279		Hayzer	shayzer7q@github.io		155.250.239.158
		Burke		Male	
281	Early		emacgorrie7s@japanpost.jp		
282	Bonnie			Female	
283	Pippy		pyushmanov7u@plala.or.jp	Female	139.213.211.56
284				Male	
285	Adamo	Carmel	acarmel7w@si.edu		
286		Caslin	ccaslin7x@macromedia.com	Male	
287	Dierdre	Matzkaitis	dmatzkaitis7y@omniture.com	Female	175.152.209.160
288	Rosanna	Gredden	rgredden7z@geocities.com		81.253.196.210
289	Minerva	Eastope	meastope80@webs.com	Female	163.222.75.161
290		Dudden	mdudden81@mapy.cz	Male	243.12.74.190
		Atrill	watrill82@reuters.com	Female	
292	Alister	Raffon	araffon83@deviantart.com	Male	126.183.123.94
293	Berkley	Sunderland	bsunderland84@bloglines.com	Male	66.211.198.27
294	Poppy		pdetloff85@unesco.org		
295	Nikoletta		nawcoate86@youku.com	Female	5.231.224.39
296	Darby	Mullins	dmullins87@meetup.com	Male	148.134.52.63
297	Lauren	Durbyn	ldurbyn88@patch.com	Female	11.39.205.149
298	Danyette	Haughian	dhaughian89@cnn.com		177.230.42.89
299	Rowena	Maffucci	rmaffucci8a@cafepress.com	Female	
300	Claire	Castro	ccastro8b@businesswire.com	Male	
301	Boycey			Male	118.207.1.52
302	Werner	Bagnall	wbagnall8d@t-online.de	Male	66.252.220.124
303	Doro	Allmond			
304	Griffy	Kitchinham			233.50.54.221
305	Jaquelyn	Tanby	jtanby8g@tiny.cc	Female	46.42.90.24
306	Linnea	Hadlee	lhadlee8h@noaa.gov		47.26.123.254
307	Pall	Tomich		Male	74.197.212.111
308	Antonie	Birnie	abirnie8j@cnet.com		235.177.230.9
309	Jayme	Bridges	jbridges8k@twitpic.com	Female	
310	Cam	Dorran	cdorran8l@amazonaws.com	Male	145.18.26.161
311	Hendrik		haltree8m@economist.com	Male	181.255.40.104
312	Annaliese		atroke8n@gravatar.com	Female	24.30.59.202
313	Jerrie	Bridgstock	jbridgstock8o@mediafire.com	Male	
314	Roby	Lade	rlade8p@list-manage.com	Female	
315	Sutherland	Youel	syouel8q@quantcast.com	Male	124.97.86.202
	Pacorro		ptreece8r@plala.or.jp	Male	
317	Holmes	Tomkin	htomkin8s@fastcompany.com	Male	242.63.231.97
318	Hewie	Fulleylove		Male	
319	Penelopa		pstellman8u@google.ca	Female	
320	Northrup	Grayshan	ngrayshan8v@deliciousdays.com	Male	167.52.186.211
321	Garek	Mc Caghan			
322			rmaddock8x@acquirethisname.com	Female	108.157.114.145
323	Irita	Shwalbe	ishwalbe8y@ftc.gov	Female	
324	Georgeta	Kebell		Female	78.12.146.90
325	Deane	Dysart	ddysart90@seesaa.net	Male	22.219.17.122
	Thornton	Chimes	tchimes91@comsenz.com		127.234.88.148
327	Denyse		dbullingham92@mysql.com		
328	Cyb	Melby	cmelby93@rambler.ru	Female	189.148.204.226
329	Bran	O' Hern	bohern94@ebay.co.uk	Male	240.205.188.86
330	Valentin	Zorzoni	vzorzoni95@discuz.net		28.2.208.127
		Wannan	cwannan96@csmonitor.com	Male	188.119.19.154
332	Earle	Fewtrell		Male	
333	Abra	Unsworth	aunsworth98@zdnet.com		
334		Aldine		Male	160.86.1.8
335	Harrison	Tembridge	htembridge9a@ted.com		142.160.118.146
336	Carmelia	Rutherforth	crutherforth9b@hostgator.com	Female	191.203.158.116
337	Michal	Glasebrook	mglasebrook9c@imageshack.us	Male	225.207.200.202
338	Enriqueta		ebullen9d@mlb.com	Female	21.253.226.157
339	Willa		wwolverson9e@amazon.de	Female	0.211.189.122
340	Westbrooke	Niezen	wniezen9f@shop-pro.jp	Male	235.109.43.157
341	Eva	Bealton	ebealton9g@auda.org.au	Female	255.220.94.61
342		Critch	mcritch9h@behance.net		21.42.94.199
343	Claudianus	Malpass		Male	121.154.46.176
344	Ivar	Loftie		Male	132.20.153.255
345	Raymund		rbolte9k@techcrunch.com		
346	Madeleine	Blaszczyk	mblaszczyk9l@psu.edu	Female	9.53.83.248
347	Kimball	Hamprecht	khamprecht9m@canalblog.com	Male	54.192.183.134
348	Dirk	Wellen	dwellen9n@sbwire.com	Male	
349	Carson		cscarffe9o@tmall.com	Male	
350	Cleve	Demoge	cdemoge9p@sciencedaily.com		220.112.208.78
351	Ole	Waszkiewicz	owaszkiewicz9q@cnbc.com	Male	
352	Melania	Heningham	mheningham9r@google.com	Female	
353	Melisa		mhathorn9s@tamu.edu	Female	186.88.213.22
354	Alyss	Stansbie	astansbie9t@taobao.com	Female	227.179.240.248
355	Michail	Riccardini	mriccardini9u@usgs.gov	Male	175.214.239.80
356	Steward	Merck		Male	
357	Mavis	Keightley			120.6.170.244
358	Robinett	Fittes			113.240.252.139
359	Jarrid	Goggey	jgoggey9y@dell.com	Male	74.101.101.209
360	Any				211.130.8.112
361	Pauly	Fosbraey	pfosbraeya0@fda.gov		237.62.64.47
	Maddi	Zannelli		Female	139.34.240.145
363	Delia	Dalrymple	ddalrymplea2@tinypic.com	Female	
364	Wyn		wmactimpanya3@ca.gov		246.20.10.132
365	Garth	Tacon	gtacona4@goodreads.com	Male	162.208.142.10
	Roderigo	Streather			15.163.252.82
367	Jyoti	Klainer	jklainera6@tiny.cc		63.45.223.84
368	Rupert	Iacapucci		Male	170.120.243.132
369	Carmelita	Wingfield	cwingfielda8@statcounter.com		36.199.6.204
370	Rachelle		rrameauxa9@taobao.com	Female	25.54.178.45
371	Joel		jcrucittiaa@amazonaws.com	Male	
372	Dollie	Surman-Wells	dsurmanwellsab@ifeng.com	Female	7.48.80.19
373	Susannah	Le Fevre	slefevreac@ucsd.edu	Female	14.87.143.97
374	Allene	Vonasek	avonasekad@state.tx.us	Female	
375	Cesaro	Painter	cpainterae@t-online.de	Male	165.210.241.253
376	Misha		mtaylderaf@smugmug.com	Female	28.137.41.199
377	Rowe	Sweeney	rsweeneyag@tripadvisor.com	Female	167.255.214.152
378	Fredelia			Female	
379	Freddi	Ferrillio			139.206.156.90
380	Charissa	Yedall	cyedallaj@cnbc.com	Female	56.16.86.133
381				Female	
	Elisha	Holbie	eholbieal@plala.or.jp	Male	
383	Thaddus	Caddell	tcaddellam@cafepress.com	Male	
384	Aindrea	Wayland	awaylandan@purevolume.com	Female	131.115.225.93
385	Brenna	Finnis	bfinnisao@xinhuanet.com		56.163.74.16
386	Jeromy	Goodyer	jgoodyerap@photobucket.com	Male	
387	Andre	Yerrington	ayerringtonaq@intel.com	Male	90.101.29.98
388	Lissa	Philpot	lphilpotar@scientificamerican.com	Female	
389	Sidonia	Stockill		Female	188.215.242.18
390	Peadar	Garrould	pgarrouldat@deviantart.com		79.60.111.116
	Enrico	Franzke	efranzkeau@google.com.au	Male	75.28.214.210
392	Serena	Herreros	sherrerosav@redcross.org		66.201.176.96
393	Melvyn	Wontner		Male	47.147.180.249
394			lnoteyoungax@sourceforge.net		
395	Ailey		alinchay@163.com	Female	103.19.119.106
396	Olympia	Wellings	owellingsaz@forbes.com	Female	41.55.145.109
397	Jefferson		jwynneb0@shinystat.com	Male	
398	Harmonie	Yannikov	hyannikovb1@dagondesign.com		
399	Zolly	Endrici	zendricib2@disqus.com	Male	
400	Justine	Harewood	jharewoodb3@wp.com		
401	Simeon	Josey	sjoseyb4@springer.com	Male	
402	Rozalie	Bucklan	rbucklanb5@pen.io	Female	93.59.87.102
403		How to preserve	ehowtopreserveb6@cnbc.com	Male	78.166.103.7
404	Calla	Defraine	cdefraineb7@netvibes.com	Female	83.151.202.52
405	Cory	Mantz	cmantzb8@msn.com	Female	9.139.233.140
406			vfloundersb9@sogou.com		155.82.173.26
407	Henrik	Wimpey	hwimpeyba@stanford.edu	Male	
408	Alfred	Bowlesworth		Male	
409		Aslie	pasliebc@angelfire.com	Female	226.90.164.228
	Scot	Brachell	sbrachellbd@ow.ly	Male	51.166.20.228
411	Nelli	Acland	naclandbe@vimeo.com	Female	213.214.102.60
412	Obediah	Sarra	osarrabf@t-online.de	Male	253.53.112.10
413	Merell		makersbg@infoseek.co.jp		
414	Putnem	Derl	pderlbh@amazon.co.uk		198.26.232.221
415	Michelina	Seargeant	mseargeantbi@bravesites.com	Female	
416	Kristien	Grigoletti	kgrigolettibj@xing.com	Female	62.243.64.139
417	Arnuad	Gagan	agaganbk@51.la	Male	1.34.120.140
418		Hobble	thobblebl@aboutads.info	Male	79.56.246.81
419	Shena	Ginty	sgintybm@about.com	Female	213.131.208.205
420		Garrad	ygarradbn@msn.com	Male	
421	Rafferty		rstearnebo@studiopress.com	Male	121.102.5.15
422	Der	Simmins	dsimminsbp@linkedin.com	Male	45.22.228.156
423	Marchall	Ximenez	mximenezbq@yahoo.com	Male	
424	Casar	Clyburn	cclyburnbr@360.cn	Male	76.106.208.58
425	Boote		brillettbs@jiathis.com	Male	
426	Dion	Hubbucke	dhubbuckebt@yahoo.co.jp	Male	
427	Linoel	Dragge	ldraggebu@yellowbook.com	Male	125.188.244.174
428		Pilfold		Female	
429	Fredric	Sketch	fsketchbw@washingtonpost.com	Male	
430	Consolata	Dagg	cdaggbx@dot.gov		225.48.62.166
431	Blaire	Cruz		Female	14.42.213.123
432	Gris	Lovewell	glovewellbz@opensource.org		
433	Maridel	Egginton	meggintonc0@google.com.br	Female	
434	Milty	Matthews	mmatthewsc1@chron.com	Male	27.230.5.117
435	Ulrick	Andreasen	uandreasenc2@jigsy.com	Male	141.83.191.89
436	Mae	Royse	mroysec3@craigslist.org		
437	Kelsey		klaffordc4@nps.gov	Male	
438	Sylvan	Newham	snewhamc5@hc360.com		
439		Tarpey	ltarpeyc6@goo.gl	Male	
440	Erhart	Cayette	ecayettec7@buzzfeed.com	Male	29.77.130.63
441	Curt	Wealthall		Male	185.0.191.100
442	Bev	Rubberts		Female	25.175.9.5
443	Eugine		eyaninca@irs.gov		
444		Alcalde	ralcaldecb@google.ca		
445	Julie	Wickendon	jwickendoncc@ask.com	Female	61.131.185.125
446	Siana	Nevin	snevincd@vistaprint.com	Female	92.227.79.243
447	Lilas		lsaerce@google.es		
448	Jasun	Rennenbach	jrennenbachcf@i2i.jp	Male	
449	Doy	Churms	dchurmscg@si.edu	Male	
450	Loreen	McVane	lmcvanech@phpbb.com	Female	
451	Anatol	Lennie	alennieci@businesswire.com	Male	123.221.150.195
452	Gerianne		gmccanecj@google.com.hk		
453	Martha	Tann	mtannck@yale.edu	Female	87.241.143.124
454	Thatch		tmackeegcl@mapquest.com	Male	110.254.165.251
455	Sophronia		swagstaffcm@huffingtonpost.com	Female	
456	Morganne	Little	mlittlecn@fastcompany.com	Female	36.172.177.6
457	Rabi	Yurocjkin	ryurocjkinco@163.com	Male	224.12.97.72
458	Roxy	Peck	rpeckcp@gravatar.com	Female	232.16.108.103
459	Frayda	M'cowis	fmcowiscq@1und1.de	Female	132.24.139.47
	Denis	McFeat	dmcfeatcr@dot.gov		5.235.253.206
461	Mychal	De Vere	mdeverecs@youku.com	Male	
462	Glennie	Ferran	gferranct@moonfruit.com	Female	33.192.90.233
463	Kristin	Olliffe		Female	35.121.227.48
464	Edyth	Mabon	emaboncv@npr.org	Female	151.54.49.59
465	Louisette	Scotcher	lscotchercw@constantcontact.com	Female	73.20.45.253
466		Moss	smosscx@sourceforge.net	Female	15.136.40.165
467	Linn	Casarili	lcasarilicy@whitehouse.gov	Male	
468		Burdekin	cburdekincz@oracle.com	Male	14.98.205.88
469	Tremayne	Suerz	tsuerzd0@foxnews.com	Male	
470	Durand	Bromont	dbromontd1@japanpost.jp	Male	39.172.102.228
471	Philippe	Morten	pmortend2@123-reg.co.uk	Female	70.53.243.180
472	Ondrea			Female	
473			lredfieldd4@prlog.org	Female	65.26.142.172
474	Tessi	Hutton		Female	121.215.193.168
475		Janc	rjancd6@chron.com	Male	120.74.161.66
	Hale	Cotmore		Male	
477	Allie	Rattray			
478	Arturo		anewcombed9@instagram.com	Male	
479	Maurise	Dunsire	mdunsireda@feedburner.com		19.163.34.32
480		Binford		Male	111.170.250.137
481	Mace	Sturzaker	msturzakerdc@omniture.com	Male	224.160.63.100
482	Elle	Stubbin			59.218.30.192
483	Ebenezer	Keenlyside		Male	
484	Adela	Lambertz	alambertzdf@creativecommons.org	Female	
485	Selene	Vauter	svauterdg@shutterfly.com	Female	
486	Carmine	Keers	ckeersdh@vimeo.com	Female	15.117.10.60
487	Aggie		ahagwooddi@shinystat.com	Female	79.219.4.111
488	Artair	Gaunter	agaunterdj@zdnet.com	Male	221.30.33.220
489	Josiah	Grass	jgrassdk@cnn.com		
490	Galven	Ailward			126.161.208.133
491	Husein	Creaven	hcreavendm@ovh.net	Male	187.217.201.137
492			credgatedn@photobucket.com		196.72.19.165
493	Ferrel	Cron	fcrondo@un.org	Male	
494	Adrea	McNevin		Female	211.101.161.36
495	Lisle	Tregidgo	ltregidgodq@hexun.com	Male	92.58.139.229
496	Averyl	Evemy			7.233.87.216
497		Ullyatt		Male	194.193.197.54
498	Darb		dmacfadzandt@google.ru	Male	98.53.77.217
499	Benedick	Rycraft	brycraftdu@census.gov		225.135.133.194
500	Feodor	Sherlock	fsherlockdv@shutterfly.com	Male	
501		Code	dcodedw@google.co.jp	Female	
502	Guinevere	Benton	gbentondx@amazon.de		
503	Morgan	Iorio	mioriody@wordpress.org		189.3.252.170
504	Anders	Kliment	aklimentdz@google.de	Male	109.243.182.75
505	Susann	Jukubczak		Female	214.210.121.22
506	Lorettalorna	Realy	lrealye1@shinystat.com	Female	
507	Brant	Chivers	bchiverse2@clickbank.net	Male	6.204.166.86
508	Mara	Palfreman	mpalfremane3@domainmarket.com	Female	228.6.255.64
509		Fender	bfendere4@loc.gov		18.174.28.45
510	Devlin	Reid	dreide5@nationalgeographic.com	Male	132.118.146.51
511		Lemanu	wlemanue6@quantcast.com	Male	70.38.75.139
512	Carie	Huie	chuiee7@icio.us	Female	94.212.149.71
513	Gaston	Gutman	ggutmane8@studiopress.com	Male	
514		Lacase	flacasee9@nhs.uk	Female	
515	Gabi	Barge		Male	96.202.135.211
516	Emanuele	Moquin	emoquineb@skype.com	Male	
517	Ad	Phillipson	aphillipsonec@jimdo.com	Male	159.230.173.192
518	Sybyl	Gannan	sgannaned@google.de		183.60.175.113
519		Pound	mpoundee@cloudflare.com	Male	98.122.48.252
520	Florella	Prate			
521	Addi		adurradeg@networksolutions.com	Female	154.238.170.185
522	Vick		vvonwellduneh@ycombinator.com		91.204.255.11
523		Siaskowski	msiaskowskiei@newsvine.com	Male	83.207.30.170
524	Sib	Veltman	sveltmanej@answers.com	Female	157.254.178.246
525		Nilles	vnillesek@sina.com.cn	Male	102.254.131.178
526		Antonsson	nantonssonel@geocities.jp	Female	4.132.172.33
527	Nilson	Tinkham	ntinkhamem@dedecms.com		184.145.142.195
	Thane	Pavlenkov	tpavlenkoven@bizjournals.com	Male	99.222.76.80
529		Stanton	bstantoneo@upenn.edu	Female	5.54.205.48
530		Emptage	bemptageep@biblegateway.com	Female	120.125.203.24
531	Herminia	Staker	hstakereq@posterous.com	Female	
532	Pandora	Dugan		Female	
533	Kienan	Pengelley	kpengelleyes@ovh.net	Male	26.183.34.162
	Byran	Skayman	bskaymanet@imdb.com	Male	189.217.91.34
535	Sarina	Leither	sleithereu@statcounter.com	Female	71.166.150.57
536	Andeee	Standfield	astandfieldev@163.com	Female	183.127.202.213
537	Jodi	Tothe	jtotheew@discuz.net	Male	235.105.99.246
538		Bernhart		Female	249.221.178.105
539		Lepoidevin	glepoideviney@stanford.edu	Female	
	Willi	Robardley	wrobardleyez@redcross.org		106.135.110.249
541	Reube	Eborall	reborallf0@usa.gov	Male	
542	Kaye	Carbry		Female	91.203.212.133
543	Kirbee	Gladdin	kgladdinf2@statcounter.com	Female	6.248.129.222
544	Hamlen	Hanning	hhanningf3@spotify.com		203.35.7.226
545	Taddeusz	Minker	tminkerf4@webeden.co.uk		
546	Kaylyn	Ellicombe	kellicombef5@163.com	Female	9.61.107.196
547		Blewmen		Female	98.163.36.125
548	Raine	Suffield		Female	216.34.209.52
549	Maxie	Palek		Female	0.178.187.205
550		Djekic	ddjekicf9@ihg.com		237.132.127.30
551	Salmon	Gregs	sgregsfa@lycos.com	Male	203.86.195.99
552	Rudolf	Bradden	rbraddenfb@hhs.gov	Male	48.238.213.15
553			jabdeefc@alexa.com		90.177.184.36
554	Kristopher		kcoveleyfd@goo.ne.jp		205.139.178.121
	Fons			Male	84.45.147.230
556	Thain	Ghidotti	tghidottiff@spotify.com		142.195.204.241
	Joelle	Blamphin	jblamphinfg@bing.com		4.119.169.248
558	Klaus	Lukovic		Male	25.251.87.187
	Steffane	Goldman	sgoldmanfi@example.com	Female	128.156.11.155
560	Fara		fgilluleyfj@xrea.com		37.130.182.181
561	Josy	Saxton	jsaxtonfk@taobao.com	Female	
562	Monika	Rutigliano	mrutiglianofl@kickstarter.com	Female	31.182.165.82
563	Hailee		hfrakefm@people.com.cn		131.126.216.6
564		Thinn	dthinnfn@newyorker.com	Female	223.70.202.169
565	Giordano	Brownlie	gbrownliefo@foxnews.com	Male	
566				Male	
567	Dacey	Wray		Female	199.72.48.26
568	Ricardo		rropartzfr@ibm.com	Male	116.182.108.147
569	Correy	Beadle	cbeadlefs@va.gov		65.66.77.56
570	Titus	Wharton	twhartonft@ustream.tv	Male	142.105.45.70
571	Edeline	Brimilcome	ebrimilcomefu@marketwatch.com	Female	223.125.48.129
572	Granville	Rooms		Male	
573	Emile	Saltern	esalternfw@blogger.com	Male	32.255.35.189
574	Yettie		ydzeniskevichfx@redcross.org		
575	Theda	Keighly		Female	83.217.155.17
576			hkinlochfz@archive.org	Male	
577	Mechelle	Janicek	mjanicekg0@ustream.tv		171.88.149.60
578	Gabi	Smalley	gsmalleyg1@ehow.com	Male	37.15.46.76
579	Carolynn	Stuttman	cstuttmang2@51.la	Female	
580	Waylen	Sickert	wsickertg3@friendfeed.com		
581	Neely		nrobertisg4@xing.com	Female	141.55.100.40
582		Cordeux	gcordeuxg5@com.com	Male	235.206.85.232
583	Elita	Collomosse	ecollomosseg6@globo.com	Female	118.23.106.196
584	Demetri	Stainfield		Male	82.31.14.138
585	Chip	Bontein	cbonteing8@lulu.com	Male	195.5.112.90
586	Nariko	MacGraith	nmacgraithg9@netlog.com	Female	
587	Clarence	Iveagh	civeaghga@sun.com	Male	198.218.152.41
588	Joyan	Marjoribanks	jmarjoribanksgb@washington.edu	Female	
589	Bliss	O'Docherty	bodochertygc@wisc.edu		
590	Townie	Mc Gaughey	tmcgaugheygd@xinhuanet.com	Male	
591	Shea	Chavrin	schavringe@hao123.com	Male	11.242.54.107
592	Gill	Zanassi	gzanassigf@time.com	Male	
593	Ainslie	Yonge		Female	247.205.26.67
594	Agretha	Ormistone	aormistonegh@rambler.ru	Female	150.247.115.246
595	Leela	Stodit		Female	
596	Leoine	Quilligan	lquilligangj@youku.com	Female	186.154.155.148
597	Bartlet	Allflatt	ballflattgk@ed.gov	Male	162.235.189.26
598	Kathryn	Bonett	kbonettgl@barnesandnoble.com		
599		Bonnell	ebonnellgm@apple.com	Male	197.148.181.18
600	Holly	Sephton	hsephtongn@unblog.fr		33.255.99.227
601	Dewie	Earles	dearlesgo@thetimes.co.uk		
602	Alfonse	Kiddey	akiddeygp@hud.gov	Male	23.16.245.38
	Dale	Wimpeney	dwimpeneygq@ucoz.com	Female	79.147.111.93
604	Leora		lrobroegr@mtv.com	Female	78.236.117.45
605	Douglass	Wombwell	dwombwellgs@rambler.ru	Male	
606	Cinda	Keighley	ckeighleygt@vinaora.com	Female	49.249.22.157
607	Mella	Risen	mrisengu@opensource.org	Female	113.135.223.239
608	Willy	Creamen	wcreamengv@homestead.com	Male	61.225.111.89
609	Honor	Fosdick	hfosdickgw@icq.com	Female	19.23.248.52
610	Kermie	Axford	kaxfordgx@berkeley.edu	Male	
611	Car	Bibb	cbibbgy@miitbeian.gov.cn		92.6.131.223
612	Justin	Kopelman		Male	
613	Tuck	Machans	tmachansh0@alibaba.com		144.30.168.183
614	Paxton			Male	86.170.205.30
615	Gaynor	Di Biaggi	gdibiaggih2@histats.com		123.45.165.241
616	Abba			Male	
617	Lucille	Trusdale	ltrusdaleh4@etsy.com	Female	
618	Elspeth	Golland	egollandh5@nhs.uk	Female	119.35.100.116
619	Rochella	Fiske	rfiskeh6@buzzfeed.com		69.143.59.163
	Adler	Riepel	ariepelh7@miibeian.gov.cn	Male	231.35.239.95
621	Verge	Bordis		Male	
622	Cicely	Purdey	cpurdeyh9@cyberchimps.com	Female	243.187.91.229
623	Ryann	Horche	rhorcheha@bing.com	Female	26.116.99.58
624			kketchasidehb@intel.com	Male	
625	Alma	Cosh		Female	122.156.60.216
626	Caroline	Shipperbottom	cshipperbottomhd@goodreads.com	Female	51.28.162.44
627	Sayre	Moorton	smoortonhe@is.gd	Male	196.56.140.84
		Gebbie	agebbiehf@msn.com	Male	192.145.142.247
629	Antone	Crosser	acrosserhg@soundcloud.com		63.53.88.19
630	Cherida		ckenerhh@mashable.com		
631	Cherise	McDyer	cmcdyerhi@psu.edu		
632		Jonczyk	cjonczykhj@mozilla.com		87.234.255.148
633	Monty	Ruusa	mruusahk@tmall.com	Male	191.171.16.185
634	Derk	Furmenger	dfurmengerhl@pbs.org		
635		Richardin			34.113.71.30
636	Anjela	Maydway	amaydwayhn@epa.gov	Female	192.28.221.215
637	Tobin		tmarioneauho@canalblog.com	Male	35.162.117.238
638	Kory	Brunone		Male	75.80.55.153
639	Arleta		ainglesanthq@nsw.gov.au	Female	149.198.238.144
640	Anni		ahelkshr@upenn.edu	Female	
641	Salvatore	Dawley	sdawleyhs@elegantthemes.com	Male	36.189.10.24
642	Zilvia		ztwaitsht@jimdo.com	Female	110.79.35.130
643	Evanne	Dicks	edickshu@issuu.com		229.64.34.214
644	Dalia	Gillinghams		Female	107.183.126.133
645	Marris		mlowaterhw@moonfruit.com	Female	32.113.153.101
	Clio	Bernardin	cbernardinhx@w3.org		244.42.76.52
647	Aggie	Westley	awestleyhy@infoseek.co.jp	Female	247.225.139.50
648	Garek	Brushneen	gbrushneenhz@example.com	Male	
649		Lockwood	flockwoodi0@cnbc.com		128.62.105.136
650		Gilligan		Female	80.163.41.207
651	Henderson	Aguirrezabala		Male	250.154.8.129
652	Winny		wbalshawi3@sciencedaily.com	Male	
653	Kaylee		kcurnokki4@themeforest.net		76.185.61.221
654	Ado	Abotson	aabotsoni5@is.gd	Male	
655	Torrence	Feathers	tfeathersi6@pinterest.com	Male	56.214.224.221
656		Grier		Male	
657	Alexander		ahailwoodi8@ehow.com		25.186.117.215
658		Kroger		Female	
	Katharina	Dewire	kdewireia@instagram.com	Female	
660	Dorelle	Bisacre	dbisacreib@photobucket.com	Female	165.92.2.242
661	Cindra		clobbic@youku.com		
	Tisha	Labram		Female	
663	Ban	Kitchener	bkitchenerie@xing.com		
		Enderson	cendersonif@biglobe.ne.jp		48.254.101.230
	Blinnie	Fisbey		Female	133.3.100.28
666	Rice	Amar		Male	61.229.23.34
667	Hector	Hardiker	hhardikerii@salon.com	Male	
668	Orelle	Liff	oliffij@tinypic.com	Female	169.71.226.88
669	Gwenore	Mathevet	gmathevetik@mapy.cz	Female	91.44.101.10
670	Webster		wnormabellil@cbslocal.com		155.228.238.176
671	Felice		fbradbeerim@booking.com		238.67.239.162
672	Thor	Ayton	taytonin@blogtalkradio.com	Male	169.237.143.18
673	Kayle	Hatherall		Female	88.155.109.74
674		Lindner	klindnerip@cnbc.com	Female	
675	Flint	Pitchers	fpitchersiq@unc.edu	Male	150.237.27.189
676		Pellamonuten	bpellamonutenir@discuz.net	Male	184.138.242.190
677	Felisha	Izatson		Female	201.18.120.40
678		Cordelet		Male	179.19.52.62
	Elisabetta	Larner	elarneriu@mac.com	Female	
680	Sheryl	Broad			161.116.15.218
681	Salome	Faudrie	sfaudrieiw@bloomberg.com	Female	66.76.78.196
682	Emilie	Rugge	eruggeix@homestead.com	Female	
683	Mariam	Najera	mnajeraiy@nytimes.com	Female	91.158.194.108
684	Charyl	Constant			76.92.191.138
685	Gaylor	Agate	gagatej0@upenn.edu	Male	141.227.88.246
686	Barbara	Eyckel	beyckelj1@patch.com	Female	93.140.41.14
687	Cecilia	Chesters	cchestersj2@shop-pro.jp	Female	
688	Wyatt	Wyburn	wwyburnj3@loc.gov	Male	
689	Arabelle	Croser			
690	Harold	Eacle		Male	53.67.223.153
691	Herc	Warriner	hwarrinerj6@go.com		
692	Effie	Streatfeild			55.73.8.22
693	Briana	Larkby	blarkbyj8@flickr.com	Female	224.81.147.141
694	Issy	Dufaire	idufairej9@cbc.ca		31.25.163.106
695	Irene	Janko	ijankoja@google.com		193.220.157.62
696	Rivy	Pundy	rpundyjb@diigo.com	Female	53.149.116.169
	Devon	Jeremiah	djeremiahjc@mashable.com		130.182.200.40
698	Elissa	Harrow	eharrowjd@psu.edu	Female	161.182.106.139
699	Korey		knewbyje@hao123.com	Male	
700	Costanza	St Pierre		Female	
701	Dido	Dowdam	ddowdamjg@t.co	Female	135.61.124.146
702	Hamlin	Radbone			226.144.203.35
703	Adelice	Cully			165.236.141.56
704	Pincus		pbarhemjj@blogs.com	Male	186.242.202.230
705	Lacee	Teape	lteapejk@wufoo.com		
706	Jacinthe	Sisey	jsiseyjl@craigslist.org	Female	138.219.159.179
707	Rayner		rmangeneyjm@dmoz.org	Male	
708	Scottie	Osipov	sosipovjn@wufoo.com	Male	29.190.204.72
709	Evangeline	Hails	ehailsjo@oaic.gov.au	Female	
710	Lonni		lmorpethjp@patch.com	Female	150.233.127.56
711	Boris	Whye	bwhyejq@vk.com	Male	64.253.108.238
712	Putnam		pglavejr@liveinternet.ru		
713	Alison		abrundlejs@examiner.com	Female	190.174.17.44
714	Philippe	Giovannacci	pgiovannaccijt@cmu.edu	Female	136.123.178.141
715		Capstick	scapstickju@engadget.com	Female	136.68.77.232
716		Messer,		Female	216.26.105.241
717		Abys	sabysjw@nps.gov		
718	Gracie	Wasmer	gwasmerjx@weebly.com		55.163.233.225
719	Murial	Jansie	mjansiejy@cbsnews.com		
720		Leece		Male	32.179.44.84
721	Augustus	Cherryman			196.29.41.122
722	Daryn	Andriesse	dandriessek1@acquirethisname.com	Female	142.3.4.253
723	Darren	Vern			85.121.60.49
724	Wandis		wvampouillek3@woothemes.com		218.4.75.39
725	Karleen		klongleyk4@pen.io	Female	
	Quincey	MacLeese	qmacleesek5@about.me	Male	208.94.71.219
727	Mikaela	Vaudrey	mvaudreyk6@youtube.com	Female	
728	Amil	Farrent	afarrentk7@loc.gov	Female	
729		Doylend		Female	236.103.146.145
730	Courtney	Magrannell		Male	120.201.78.219
731	Giulio	Wrack		Male	211.52.17.151
732	Garry		galoshechkinkb@nhs.uk	Male	249.85.137.23
	Britni	Toplin	btoplinkc@webnode.com	Female	55.206.163.200
734	Maure	Escalera	mescalerakd@goodreads.com	Female	218.236.99.23
735	Regina	Bartholomew	rbartholomewke@example.com	Female	
736		Sargint	esargintkf@surveymonkey.com	Male	230.153.118.163
737	Haily				128.195.110.5
738	Brocky	Kaindl		Male	73.29.225.105
739	Hephzibah	Stansall	hstansallki@comsenz.com	Female	
740	Leicester	Gallimore	lgallimorekj@bigcartel.com	Male	234.88.136.160
741		Paver	fpaverkk@ovh.net	Male	132.90.226.167
742	Carissa	Thurgood	cthurgoodkl@smh.com.au	Female	185.0.9.50
743	Lezley	Beedie	lbeediekm@ameblo.jp	Male	80.251.198.208
744	Alison	Speeding	aspeedingkn@pen.io	Female	53.25.124.125
745	Taddeusz	Sumers	tsumersko@irs.gov	Male	
746	Perkin	Mournian	pmourniankp@mit.edu	Male	90.88.189.203
747	Tanner	Swaisland		Male	104.116.152.247
748	Terrye		tkeenankr@lulu.com	Female	53.10.161.169
749	Niel	Chaudron	nchaudronks@wikipedia.org	Male	151.2.127.158
750	Joli		jlevettkt@ow.ly	Female	182.50.160.196
751	Astra	Pittendreigh	apittendreighku@deviantart.com	Female	
752	Bibi	Dunk	bdunkkv@comcast.net		
753	Junie	Yurevich	jyurevichkw@gravatar.com	Female	201.91.192.215
754	Sebastian	Satcher	ssatcherkx@cafepress.com	Male	38.50.138.241
755	Susanna	Delgua	sdelguaky@nyu.edu		43.17.79.41
756	Francklyn	Gretham		Male	7.204.35.172
757	Lamont	Georgins	lgeorginsl0@oakley.com	Male	233.231.188.245
758	Ceciley	Dee		Female	205.211.141.145
759		Corradi	tcorradil2@ibm.com	Male	113.194.250.227
760	Sholom	Copello	scopellol3@slate.com	Male	237.1.109.21
761	Thadeus	Bigley	tbigleyl4@webmd.com	Male	13.140.227.177
762	Carey		cfiveashl5@earthlink.net		75.93.19.179
763	Byran	Camelli	bcamellil6@arizona.edu	Male	117.132.113.187
764	Alana	Kadwallider	akadwalliderl7@google.cn	Female	17.32.49.18
	Vicky	Rebbeck			46.201.3.247
766	Stoddard	Peracco		Female	140.23.197.144
	Hedy	Skim	hskimla@ibm.com	Female	
768	Gay	Waadenburg	gwaadenburglb@hostgator.com	Female	
769	Kinsley	Dannell		Male	199.154.138.45
770	Lora		ldennertld@shutterfly.com		181.175.226.51
771	Hazel	Maybery		Female	
772	Edward	Gwatkins	egwatkinslf@slate.com		
773	Archy	McGiven	amcgivenlg@shareasale.com		
774	Eloisa	Grabert		Female	
775	Shelley	Scrimgeour	sscrimgeourli@histats.com		183.204.157.148
776		Adlington		Male	42.251.216.202
777	Robinet	Plaister	rplaisterlk@google.ca		11.16.238.145
778	Morganne		mchilcottll@ucla.edu	Female	
779	Alberto	Baxstair	abaxstairlm@ow.ly		
780	Rainer	Ensley	rensleyln@ocn.ne.jp		93.53.252.204
781	Rufe	Van den Dael	rvandendaello@friendfeed.com	Male	44.247.61.118
782			rscutterlp@addthis.com		65.57.44.159
783	Cesare	Schimann	cschimannlq@typepad.com	Male	103.125.103.197
784	Mylo	Kassman	mkassmanlr@domainmarket.com		2.130.26.12
785	Maryjo		mfieldsendls@is.gd		
	Tish	Gannon	tgannonlt@loc.gov	Female	9.233.70.75
787	Conrado	Klejna	cklejnalu@barnesandnoble.com	Male	
788	Samara	Stoter	sstoterlv@imdb.com	Female	206.229.21.11
	Jonah	Flatte	jflattelw@jimdo.com	Male	236.66.53.30
790	Gray	Knok	gknoklx@weibo.com	Male	136.17.14.208
791		Isson	cissonly@wikipedia.org	Female	38.156.5.191
792	Joshia	Grabham	jgrabhamlz@chronoengine.com	Male	218.32.198.153
793			mjumpm0@squidoo.com	Male	193.44.24.137
794	Tatiania	Wraggs	twraggsm1@mashable.com	Female	71.7.26.61
795	Dulce		dfisbym2@123-reg.co.uk	Female	
796	Betsey	MacDiarmond	bmacdiarmondm3@wikispaces.com	Female	211.33.47.134
797	Neely	Dundredge	ndundredgem4@mozilla.org	Female	157.244.101.194
798	Boot	Mobberley	bmobberleym5@miibeian.gov.cn	Male	
799	Minny		mdonnersbergm6@ucsd.edu	Female	221.47.129.107
800	Imogene	Edyson	iedysonm7@discuz.net		21.127.166.36
801	Heall		hdollm8@google.it	Male	
802	Benedicta	Shortell	bshortellm9@upenn.edu	Female	142.236.216.152
803		Dibdin		Female	163.149.196.79
804			djurcamb@walmart.com	Female	160.138.70.74
805	Petr	Mulvagh	pmulvaghmc@japanpost.jp	Male	138.73.208.159
806	Carey	Heindle	cheindlemd@theguardian.com	Female	75.221.100.196
807	Bobbie			Female	30.159.28.177
808	Malachi	Kittoe	mkittoemf@merriam-webster.com	Male	22.241.163.136
809	Viviene	Rayer	vrayermg@hud.gov	Female	86.69.47.72
810	Phillipe	Jacobbe	pjacobbemh@cnet.com	Male	
811	Andonis	Kees	akeesmi@simplemachines.org		206.235.74.193
	Susanna	Dannel			40.100.166.6
813		Torbett	ltorbettmk@aol.com	Female	
814	Nannette	Summergill	nsummergillml@goodreads.com		253.57.172.42
815	Mayer	Holbie	mholbiemm@mail.ru	Male	
816		Mendes	mmendesmn@yahoo.co.jp	Female	136.63.223.69
817	Rebekkah	Kilbourne		Female	133.223.91.127
818	Joycelin	Mundow	jmundowmp@blog.com	Female	154.43.79.247
819	Papageno	Giannoni	pgiannonimq@thetimes.co.uk	Male	
820	Nerta	Burmingham	nburminghammr@earthlink.net	Female	239.10.38.83
821	Marcella	Tiplady		Female	180.122.72.90
822	Caitrin		ccoveneymt@goodreads.com		234.39.143.156
823	Sebastian	Swett	sswettmu@e-recht24.de	Male	
824	Caryl	Wingfield		Male	
825	Alyce	Emmens	aemmensmw@webmd.com	Female	201.160.138.150
	Ignacio	Jiranek		Male	
827	Paola	Behrendsen	pbehrendsenmy@lulu.com	Female	24.152.245.167
828	Monti	Zappel		Male	196.85.247.140
829	Zaccaria	Osipenko	zosipenkon0@cdc.gov		
830		Garlant	fgarlantn1@exblog.jp		73.80.82.32
831	Ella	Albutt			78.217.254.45
832	Tamera	Sargint	tsargintn3@si.edu		24.165.14.199
833	Hadria	Leblanc	hleblancn4@weibo.com	Female	155.5.80.254
834	Ingrim	Giacomasso	igiacomasson5@nhs.uk	Male	149.97.179.71
835	Janice	Batrop	jbatropn6@rambler.ru	Female	
836	Phil	Morecombe	pmorecomben7@businessinsider.com	Female	
837	Kylen	MacKaig	kmackaign8@state.tx.us	Female	204.246.246.41
838	Gratiana	Heistermann	gheistermannn9@imageshack.us		133.108.241.154
	Annis	Frisby	afrisbyna@washingtonpost.com	Female	55.236.254.130
840	Shirl	Sivil	ssivilnb@miibeian.gov.cn	Female	
841	Efren	Josilevich	ejosilevichnc@i2i.jp	Male	155.129.108.4
842	Jackie	Philippsohn	jphilippsohnnd@eventbrite.com	Male	147.212.240.22
843	Zorine	Fowler	zfowlerne@twitpic.com	Female	149.201.218.146
844	Hephzibah	Boller	hbollernf@rakuten.co.jp	Female	108.241.58.59
845	Aveline	Mountain			18.40.150.248
846	Calvin	Kilby	ckilbynh@ycombinator.com	Male	172.124.227.174
847	Meredith	McRill	mmcrillni@meetup.com	Male	248.207.8.39
848	Theobald	Iacoboni	tiacoboninj@usgs.gov		100.29.197.31
849	Codie	MacNeilley		Male	
850	Arly	Shaddock	ashaddocknl@fc2.com		
851	Gail	Mazdon	gmazdonnm@umn.edu	Female	
852	Lonny	Coate		Male	
853	Penelopa	MacCafferky	pmaccafferkyno@webnode.com		130.34.47.122
854	Brose	Boyes		Male	
	Olag	Gullifant	ogullifantnq@google.fr	Male	178.239.163.102
856	Hakim		hspinettinr@howstuffworks.com		
857	Carolann	Geke		Female	138.41.156.150
858	Seth	Stroobant	sstroobantnt@cmu.edu	Male	17.111.56.21
859	Hobart	Pettie	hpettienu@reverbnation.com	Male	140.207.251.192
860	Barry	Costy	bcostynv@wikia.com	Male	118.252.227.64
861	Wolfgang	Guntrip	wguntripnw@facebook.com		
862	Harriette	Lyfe	hlyfenx@typepad.com		
863	Josephina	Mumby	jmumbyny@bbb.org	Female	222.51.190.57
	Gasper	Rispine	grispinenz@umn.edu	Male	151.254.47.152
865	Karyn	Rippon	krippono0@google.pl	Female	155.165.68.96
866	Hedy	Matkin	hmatkino1@va.gov		105.58.166.41
867	Adriano	Wallen		Male	206.47.188.117
868	Gilbert	Jerrim			253.130.126.7
869	Anjela	Bleything	ableythingo4@washington.edu	Female	152.5.132.99
870		Grzegorek		Female	132.222.231.69
871	Hana	Greenman	hgreenmano6@exblog.jp	Female	10.165.217.30
872	Rosabelle		rbrianto7@weebly.com		
873	Danny	Langan	dlangano8@edublogs.org	Male	46.86.147.14
874	Kelsey	Pitcaithly	kpitcaithlyo9@squarespace.com	Female	101.189.17.107
875	Cammie	Yeskin	cyeskinoa@chronoengine.com	Female	252.107.18.202
876	Charmain	Camidge	ccamidgeob@g.co	Female	
877	Amandi	Hove			
878	Debora	Gregolin	dgregolinod@wikimedia.org	Female	207.251.134.225
879	Caty	Hedylstone	chedylstoneoe@yahoo.co.jp	Female	185.15.133.83
	Korey	Ramalho	kramalhoof@virginia.edu		107.108.106.58
881	Lorne	Kift	lkiftog@google.fr		
882	Stanislaus		scorssoh@wired.com	Male	40.125.141.134
883	Vivyanne		vprinneoi@accuweather.com		190.174.102.90
884	Cheston		csterryoj@apache.org		30.128.150.239
885	Tresa		tlippiellook@state.tx.us	Female	87.79.80.63
886	Eben		eghiool@de.vu	Male	168.172.31.236
887		Stritton	lstrittonom@cdc.gov	Female	77.48.232.21
888	Mahmoud	Geeson	mgeesonon@fotki.com		185.10.41.247
	Ivor	Wagerfield	iwagerfieldoo@irs.gov	Male	
890		O'Kennavain	mokennavainop@forbes.com	Female	249.118.41.181
891		Glusby	cglusbyoq@flickr.com	Female	120.119.19.31
892	Elli	Orleton	eorletonor@histats.com	Female	28.91.22.130
893	Adi	McVitty		Female	131.224.178.203
894	Roy	Turgoose	rturgooseot@weebly.com	Male	162.237.177.2
895	Johnath	Ruff	jruffou@vinaora.com	Female	27.167.242.19
896	Kissiah	Heardman	kheardmanov@cloudflare.com	Female	163.208.23.166
897	Kevon	Coffin		Male	150.112.240.70
898	Felizio	Swinfon	fswinfonox@whitehouse.gov	Male	226.77.131.65
899		Dudleston		Male	36.204.46.64
900	Emilia	Clerk	eclerkoz@businessinsider.com	Female	176.244.142.198
901		Errichiello	rerrichiellop0@paginegialle.it	Male	21.64.59.133
902	Clio	Witz			114.196.146.247
903	Tammy		tfinderp2@jigsy.com	Female	
904	Mollee	Cumberland	mcumberlandp3@jigsy.com		159.148.158.140
905	Gordy	Kennelly	gkennellyp4@ox.ac.uk	Male	
906	Suzie	Hakonsen	shakonsenp5@wikia.com	Female	
907	Granger	Stanford	gstanfordp6@php.net	Male	
908	Morly	Idle	midlep7@posterous.com	Male	119.194.49.185
909	Judy	Puckey	jpuckeyp8@salon.com	Female	
910	Georgianne	Willstrop	gwillstropp9@youtube.com	Female	114.143.249.203
911	Kaitlin	Simonson	ksimonsonpa@tuttocitta.it	Female	
912	Oran	Firminger	ofirmingerpb@shop-pro.jp	Male	95.246.74.185
913	Darn	Ledgard	dledgardpc@list-manage.com	Male	74.199.98.254
914	Ichabod	August		Male	195.26.152.3
915	Boigie	Linwood		Male	182.110.81.211
916	Row		rpattypf@ca.gov	Female	
917	Isidor	Fader	ifaderpg@smugmug.com	Male	
918		Bails	dbailsph@indiegogo.com	Female	101.162.7.71
919	Davide	Marcoolyn	dmarcoolynpi@acquirethisname.com	Male	74.83.106.88
920	Alyse	Veschi	aveschipj@wordpress.org	Female	37.124.212.91
921	Natalina		nmajurypk@odnoklassniki.ru	Female	128.160.171.192
	Dallon	Tootin	dtootinpl@mail.ru	Male	40.37.235.250
923	Lazar	Maior	lmaiorpm@ustream.tv	Male	171.205.82.162
924	Bailey	Cowitz	bcowitzpn@psu.edu	Male	150.108.242.37
925	Dietrich	Egel	degelpo@angelfire.com	Male	
926	Joanna	Bottoner		Female	
927	Tallou	Paule		Female	
928	Ericha	Glanton		Female	150.85.147.214
929	Evyn		ebrundaleps@tripod.com	Male	155.42.118.71
930	Annice	Hartlebury	ahartleburypt@mlb.com	Female	230.118.99.124
931		Peniman	kpenimanpu@google.it	Female	
932	Eziechiele	Fountaine	efountainepv@topsy.com	Male	89.39.191.181
933	Sullivan	Sissens		Male	79.31.239.195
934		Leverson	rleversonpx@theglobeandmail.com		238.16.197.140
935	Catina	Clyma			
936	Ronda	Murrow	rmurrowpz@amazon.co.uk		174.168.80.194
937	Aeriela	Renahan	arenahanq0@webs.com	Female	169.12.128.195
938		Benedick	bbenedickq1@ucoz.ru		
939		Shephard	nshephardq2@github.io	Male	214.26.90.165
940	Mozelle	Stockell	mstockellq3@blogger.com	Female	
941	Emmott	Lente		Male	
942	Mari	Ondrus	mondrusq5@vimeo.com	Female	
943	Jocelyne	Kesten	jkestenq6@mac.com	Female	134.62.154.79
944	Meghan	Ivery	miveryq7@4shared.com	Female	184.77.41.157
945	Claudie	Stitson	cstitsonq8@tripadvisor.com	Female	159.195.110.179
946	Pepillo	Symers	psymersq9@mac.com		146.65.203.176
947	Bryan	Hourigan	bhouriganqa@statcounter.com	Male	
948	Natalina	Pooley	npooleyqb@ocn.ne.jp	Female	70.245.213.175
949		Stepto		Male	221.64.228.0
950	Erda	Shorthouse	eshorthouseqd@addthis.com	Female	
951	Goober		gbeechingqe@vk.com		53.140.211.245
952	Cornela	Sheraton	csheratonqf@joomla.org	Female	12.112.57.140
953	Anders		amaclardieqg@webeden.co.uk		25.92.252.91
954		Gamon	rgamonqh@hibu.com	Male	186.94.183.254
955	Cinnamon	Bangiard	cbangiardqi@google.nl	Female	134.82.133.169
956	Lanie	Jarry	ljarryqj@geocities.jp		
957	Immanuel	Witts	iwittsqk@soundcloud.com		57.69.248.114
958	Bess	Mogford	bmogfordql@weibo.com	Female	183.175.48.117
959	Maison	Ivanonko	mivanonkoqm@marriott.com	Male	182.51.178.119
960		Dutt	sduttqn@pinterest.com	Male	
961	Shanan	Bairnsfather	sbairnsfatherqo@devhub.com	Male	132.205.253.171
962	Cliff	Flips	cflipsqp@yolasite.com	Male	29.251.197.175
963	Mendy	Rump		Male	
964	Jewell	Mossman	jmossmanqr@mozilla.org		220.83.252.71
965	Moore		mblodgqs@sogou.com	Male	103.136.165.226
966	Tracey	D'Ambrosi		Male	239.135.28.41
967	Masha	Ivins	mivinsqu@washington.edu	Female	
968	Fidole		fshewenqv@princeton.edu	Male	211.152.180.22
969	Vladamir	O'Quin	voquinqw@fda.gov	Male	
970	Arabela	Vescovini	avescoviniqx@canalblog.com	Female	63.218.234.93
971	Valene	Partleton	vpartletonqy@cbslocal.com	Female	204.100.138.188
972	Goran	Peers	gpeersqz@dailymotion.com	Male	
		Orrum	aorrumr0@ycombinator.com	Female	214.170.54.92
974	Tomkin	Arpur	tarpurr1@ihg.com	Male	
975	Carleen	Martelet	cmarteletr2@zimbio.com		170.104.242.135
976	Tiffie	Olenin	toleninr3@feedburner.com	Female	106.252.2.64
977	Ginni	Venables	gvenablesr4@nyu.edu	Female	125.38.140.71
978	Clarissa	Haythorne		Female	203.80.205.144
	Massimiliano	MacCarter			82.164.191.17
980		Cattow			99.170.206.213
981	Hyatt	Pollak	hpollakr8@nymag.com		
982	Land	Boulstridge	lboulstridger9@google.ru	Male	79.11.217.149
983	Cristy	Mulqueen	cmulqueenra@com.com	Female	
984	Alla	Gullyes		Female	93.125.11.251
985	Sari	Bedells		Female	158.100.161.29
986	Pansy	Storkes	pstorkesrd@ow.ly	Female	
987	Minor	Steffens	msteffensre@army.mil		34.52.71.57
988	Parry	Martschik	pmartschikrf@mit.edu		72.213.243.120
989	Fernande	Rasp	frasprg@creativecommons.org	Female	
990	Fredrick		folczakrh@instagram.com	Male	215.74.48.171
991	Olivier	Ruggs	oruggsri@ibm.com	Male	
992	Katrinka	Deason	kdeasonrj@cafepress.com	Female	65.222.62.91
993	Putnem	Glassard	pglassardrk@is.gd	Male	
994	Melisande	Shade		Female	234.122.253.81
995	Dominique		djewerrm@xinhuanet.com	Female	
	Jed		jantoniuttirn@wikispaces.com	Male	23.2.206.206
997	Aurelea	Dampier		Female	178.235.28.211
	Paddie	McGuffog	pmcguffogrp@chronoengine.com	Male	46.156.150.148
999	Alvis	McBlain	amcblainrq@miitbeian.gov.cn	Male	163.32.59.147
1000	Shanda		sskylettrr@dailymail.co.uk		41.19.158.103
